x0,x1,time,det_fi
"tf.Tensor(0.0, shape=(), dtype=float32)","tf.Tensor(0.0, shape=(), dtype=float32)",0.001,0.0
"tf.Tensor(0.0, shape=(), dtype=float32)","tf.Tensor(0.0, shape=(), dtype=float32)",0.002,0.0
"tf.Tensor(0.0, shape=(), dtype=float32)","tf.Tensor(0.0, shape=(), dtype=float32)",0.003,0.0
"tf.Tensor(0.0, shape=(), dtype=float32)","tf.Tensor(0.0, shape=(), dtype=float32)",0.004,0.0
"tf.Tensor(0.0, shape=(), dtype=float32)","tf.Tensor(0.0, shape=(), dtype=float32)",0.005,0.0
"tf.Tensor(0.0, shape=(), dtype=float32)","tf.Tensor(0.0, shape=(), dtype=float32)",0.006,0.0
"tf.Tensor(0.0, shape=(), dtype=float32)","tf.Tensor(0.0, shape=(), dtype=float32)",0.007,0.0
"tf.Tensor(0.0, shape=(), dtype=float32)","tf.Tensor(0.0, shape=(), dtype=float32)",0.008,0.0
"tf.Tensor(0.0, shape=(), dtype=float32)","tf.Tensor(0.0, shape=(), dtype=float32)",0.009000000000000001,0.0
"tf.Tensor(0.0, shape=(), dtype=float32)","tf.Tensor(0.0, shape=(), dtype=float32)",0.01,0.0
"tf.Tensor(0.0, shape=(), dtype=float32)","tf.Tensor(0.0, shape=(), dtype=float32)",0.011,0.0
"tf.Tensor(0.0, shape=(), dtype=float32)","tf.Tensor(0.0, shape=(), dtype=float32)",0.012,0.0
"tf.Tensor(0.0, shape=(), dtype=float32)","tf.Tensor(0.0, shape=(), dtype=float32)",0.013000000000000001,0.0
"tf.Tensor(0.0, shape=(), dtype=float32)","tf.Tensor(0.0, shape=(), dtype=float32)",0.014,0.0
"tf.Tensor(0.0, shape=(), dtype=float32)","tf.Tensor(0.0, shape=(), dtype=float32)",0.015,0.0
"tf.Tensor(0.0, shape=(), dtype=float32)","tf.Tensor(0.0, shape=(), dtype=float32)",0.016,0.0
"tf.Tensor(0.0, shape=(), dtype=float32)","tf.Tensor(0.0, shape=(), dtype=float32)",0.017,0.0
"tf.Tensor(0.0, shape=(), dtype=float32)","tf.Tensor(0.0, shape=(), dtype=float32)",0.018000000000000002,0.0
"tf.Tensor(0.0, shape=(), dtype=float32)","tf.Tensor(0.0, shape=(), dtype=float32)",0.019,0.0
"tf.Tensor(0.0, shape=(), dtype=float32)","tf.Tensor(0.0, shape=(), dtype=float32)",0.02,0.0
"tf.Tensor(0.0, shape=(), dtype=float32)","tf.Tensor(0.0, shape=(), dtype=float32)",0.021,0.0
"tf.Tensor(0.0, shape=(), dtype=float32)","tf.Tensor(0.0, shape=(), dtype=float32)",0.022,0.0
"tf.Tensor(0.0, shape=(), dtype=float32)","tf.Tensor(0.0, shape=(), dtype=float32)",0.023,0.0
"tf.Tensor(0.0, shape=(), dtype=float32)","tf.Tensor(0.0, shape=(), dtype=float32)",0.024,0.0
"tf.Tensor(0.0, shape=(), dtype=float32)","tf.Tensor(0.0, shape=(), dtype=float32)",0.025,0.0
"tf.Tensor(0.0, shape=(), dtype=float32)","tf.Tensor(0.0, shape=(), dtype=float32)",0.026000000000000002,0.0
"tf.Tensor(0.0, shape=(), dtype=float32)","tf.Tensor(0.0, shape=(), dtype=float32)",0.027,0.0
"tf.Tensor(0.0, shape=(), dtype=float32)","tf.Tensor(0.0, shape=(), dtype=float32)",0.028,0.0
"tf.Tensor(0.0, shape=(), dtype=float32)","tf.Tensor(0.0, shape=(), dtype=float32)",0.029,0.0
"tf.Tensor(0.0, shape=(), dtype=float32)","tf.Tensor(0.0, shape=(), dtype=float32)",0.03,0.0
"tf.Tensor(0.0, shape=(), dtype=float32)","tf.Tensor(0.0, shape=(), dtype=float32)",0.031,0.0
"tf.Tensor(0.0, shape=(), dtype=float32)","tf.Tensor(0.0, shape=(), dtype=float32)",0.032,0.0
"tf.Tensor(0.0, shape=(), dtype=float32)","tf.Tensor(0.0, shape=(), dtype=float32)",0.033,0.0
"tf.Tensor(0.0, shape=(), dtype=float32)","tf.Tensor(0.0, shape=(), dtype=float32)",0.034,0.0
"tf.Tensor(0.0, shape=(), dtype=float32)","tf.Tensor(0.0, shape=(), dtype=float32)",0.035,0.0
"tf.Tensor(0.0, shape=(), dtype=float32)","tf.Tensor(0.0, shape=(), dtype=float32)",0.036000000000000004,0.0
"tf.Tensor(0.0, shape=(), dtype=float32)","tf.Tensor(0.00078489905, shape=(), dtype=float32)",0.037,0.0
"tf.Tensor(7.848991e-07, shape=(), dtype=float32)","tf.Tensor(0.1359343, shape=(), dtype=float32)",0.038,0.0
"tf.Tensor(0.0001367192, shape=(), dtype=float32)","tf.Tensor(0.40728757, shape=(), dtype=float32)",0.039,0.0
"tf.Tensor(0.0005440068, shape=(), dtype=float32)","tf.Tensor(0.8165366, shape=(), dtype=float32)",0.04,0.0
"tf.Tensor(0.0013605435, shape=(), dtype=float32)","tf.Tensor(1.8127427, shape=(), dtype=float32)",0.041,-1.237682430128026e-61
"tf.Tensor(0.0031732863, shape=(), dtype=float32)","tf.Tensor(2.945127, shape=(), dtype=float32)",0.042,2.3088835839598232e-45
"tf.Tensor(0.0061184135, shape=(), dtype=float32)","tf.Tensor(4.214252, shape=(), dtype=float32)",0.043000000000000003,5.847166214053922e-42
"tf.Tensor(0.010332666, shape=(), dtype=float32)","tf.Tensor(5.620524, shape=(), dtype=float32)",0.044,1.6086133276218025e-39
"tf.Tensor(0.01595319, shape=(), dtype=float32)","tf.Tensor(7.1641927, shape=(), dtype=float32)",0.045,1.3988524641741466e-37
"tf.Tensor(0.023117384, shape=(), dtype=float32)","tf.Tensor(8.845352, shape=(), dtype=float32)",0.046,5.961984553168671e-36
"tf.Tensor(0.031962737, shape=(), dtype=float32)","tf.Tensor(10.663939, shape=(), dtype=float32)",0.047,1.5414435137603978e-34
"tf.Tensor(0.04262668, shape=(), dtype=float32)","tf.Tensor(12.619735, shape=(), dtype=float32)",0.048,2.7370711570682494e-33
"tf.Tensor(0.055246413, shape=(), dtype=float32)","tf.Tensor(14.712361, shape=(), dtype=float32)",0.049,3.6153437398770067e-32
"tf.Tensor(0.069958776, shape=(), dtype=float32)","tf.Tensor(16.941288, shape=(), dtype=float32)",0.05,3.7526498097729008e-31
"tf.Tensor(0.08690006, shape=(), dtype=float32)","tf.Tensor(19.305826, shape=(), dtype=float32)",0.051000000000000004,3.18445600867628e-30
"tf.Tensor(0.10620589, shape=(), dtype=float32)","tf.Tensor(21.805132, shape=(), dtype=float32)",0.052000000000000005,2.276182613896191e-29
"tf.Tensor(0.12801102, shape=(), dtype=float32)","tf.Tensor(24.438208, shape=(), dtype=float32)",0.053,1.4033655767534844e-28
"tf.Tensor(0.15244922, shape=(), dtype=float32)","tf.Tensor(27.203903, shape=(), dtype=float32)",0.054,7.617138912125364e-28
"tf.Tensor(0.17965312, shape=(), dtype=float32)","tf.Tensor(30.100914, shape=(), dtype=float32)",0.055,3.711849243734607e-27
"tf.Tensor(0.20975403, shape=(), dtype=float32)","tf.Tensor(33.127785, shape=(), dtype=float32)",0.056,1.6591805969542146e-26
"tf.Tensor(0.24288182, shape=(), dtype=float32)","tf.Tensor(36.282917, shape=(), dtype=float32)",0.057,6.980355704627172e-26
"tf.Tensor(0.27916473, shape=(), dtype=float32)","tf.Tensor(39.564552, shape=(), dtype=float32)",0.058,2.8490950675276705e-25
"tf.Tensor(0.31872928, shape=(), dtype=float32)","tf.Tensor(42.9708, shape=(), dtype=float32)",0.059000000000000004,1.162559167272277e-24
"tf.Tensor(0.3617001, shape=(), dtype=float32)","tf.Tensor(46.499607, shape=(), dtype=float32)",0.06,4.8348312360200336e-24
"tf.Tensor(0.4081997, shape=(), dtype=float32)","tf.Tensor(50.148796, shape=(), dtype=float32)",0.061,2.0503461331018366e-23
"tf.Tensor(0.4583485, shape=(), dtype=float32)","tf.Tensor(53.916042, shape=(), dtype=float32)",0.062,8.734349981543856e-23
"tf.Tensor(0.51226455, shape=(), dtype=float32)","tf.Tensor(57.798878, shape=(), dtype=float32)",0.063,3.6652690441059137e-22
"tf.Tensor(0.5700634, shape=(), dtype=float32)","tf.Tensor(61.794704, shape=(), dtype=float32)",0.064,1.4916438923157318e-21
"tf.Tensor(0.6318581, shape=(), dtype=float32)","tf.Tensor(65.90079, shape=(), dtype=float32)",0.065,5.832306072650975e-21
"tf.Tensor(0.6977589, shape=(), dtype=float32)","tf.Tensor(70.114265, shape=(), dtype=float32)",0.066,2.1817174040781822e-20
"tf.Tensor(0.76787317, shape=(), dtype=float32)","tf.Tensor(74.43215, shape=(), dtype=float32)",0.067,7.800871238120006e-20
"tf.Tensor(0.8423053, shape=(), dtype=float32)","tf.Tensor(78.851326, shape=(), dtype=float32)",0.068,2.668579233032134e-19
"tf.Tensor(0.92115664, shape=(), dtype=float32)","tf.Tensor(83.36855, shape=(), dtype=float32)",0.069,8.750150685090103e-19
"tf.Tensor(1.0045252, shape=(), dtype=float32)","tf.Tensor(87.98048, shape=(), dtype=float32)",0.07,2.7562832390809966e-18
"tf.Tensor(1.0925057, shape=(), dtype=float32)","tf.Tensor(92.683624, shape=(), dtype=float32)",0.07100000000000001,8.36030305027716e-18
"tf.Tensor(1.1851894, shape=(), dtype=float32)","tf.Tensor(97.47442, shape=(), dtype=float32)",0.07200000000000001,2.4474012462544547e-17
"tf.Tensor(1.2826638, shape=(), dtype=float32)","tf.Tensor(102.34917, shape=(), dtype=float32)",0.073,6.929733577098248e-17
"tf.Tensor(1.385013, shape=(), dtype=float32)","tf.Tensor(107.30407, shape=(), dtype=float32)",0.074,1.901667831006772e-16
"tf.Tensor(1.4923171, shape=(), dtype=float32)","tf.Tensor(112.335236, shape=(), dtype=float32)",0.075,5.067230463233395e-16
"tf.Tensor(1.6046523, shape=(), dtype=float32)","tf.Tensor(117.43867, shape=(), dtype=float32)",0.076,1.3133189469337387e-15
"tf.Tensor(1.722091, shape=(), dtype=float32)","tf.Tensor(122.61028, shape=(), dtype=float32)",0.077,3.316024482004975e-15
"tf.Tensor(1.8447013, shape=(), dtype=float32)","tf.Tensor(127.84591, shape=(), dtype=float32)",0.078,8.16847679762193e-15
"tf.Tensor(1.9725472, shape=(), dtype=float32)","tf.Tensor(133.14128, shape=(), dtype=float32)",0.079,1.9656983217558342e-14
"tf.Tensor(2.1056886, shape=(), dtype=float32)","tf.Tensor(138.49207, shape=(), dtype=float32)",0.08,4.626743819052971e-14
"tf.Tensor(2.2441807, shape=(), dtype=float32)","tf.Tensor(143.89383, shape=(), dtype=float32)",0.081,1.0663637508441555e-13
"tf.Tensor(2.3880744, shape=(), dtype=float32)","tf.Tensor(149.3421, shape=(), dtype=float32)",0.082,2.40911488913506e-13
"tf.Tensor(2.5374165, shape=(), dtype=float32)","tf.Tensor(154.83232, shape=(), dtype=float32)",0.083,5.340093048048868e-13
"tf.Tensor(2.6922488, shape=(), dtype=float32)","tf.Tensor(160.35986, shape=(), dtype=float32)",0.084,1.1624272328245017e-12
"tf.Tensor(2.8526087, shape=(), dtype=float32)","tf.Tensor(165.92006, shape=(), dtype=float32)",0.085,2.4869507738811385e-12
"tf.Tensor(3.0185287, shape=(), dtype=float32)","tf.Tensor(171.50818, shape=(), dtype=float32)",0.08600000000000001,5.233435133230819e-12
"tf.Tensor(3.1900368, shape=(), dtype=float32)","tf.Tensor(177.11943, shape=(), dtype=float32)",0.08700000000000001,1.0840163275872929e-11
"tf.Tensor(3.3671563, shape=(), dtype=float32)","tf.Tensor(182.749, shape=(), dtype=float32)",0.088,2.2115897944809008e-11
"tf.Tensor(3.5499053, shape=(), dtype=float32)","tf.Tensor(188.39201, shape=(), dtype=float32)",0.089,4.446975477536611e-11
"tf.Tensor(3.7382972, shape=(), dtype=float32)","tf.Tensor(194.04358, shape=(), dtype=float32)",0.09,8.818013720507161e-11
"tf.Tensor(3.9323409, shape=(), dtype=float32)","tf.Tensor(199.69876, shape=(), dtype=float32)",0.091,1.7252875064527185e-10
"tf.Tensor(4.1320395, shape=(), dtype=float32)","tf.Tensor(205.35262, shape=(), dtype=float32)",0.092,3.332431358696678e-10
"tf.Tensor(4.3373923, shape=(), dtype=float32)","tf.Tensor(211.00017, shape=(), dtype=float32)",0.093,6.357422554681447e-10
"tf.Tensor(4.5483923, shape=(), dtype=float32)","tf.Tensor(216.63643, shape=(), dtype=float32)",0.094,1.1984501086470504e-09
"tf.Tensor(4.765029, shape=(), dtype=float32)","tf.Tensor(222.2564, shape=(), dtype=float32)",0.095,2.2333947552931516e-09
"tf.Tensor(4.987285, shape=(), dtype=float32)","tf.Tensor(227.85506, shape=(), dtype=float32)",0.096,4.1161853388522645e-09
"tf.Tensor(5.2151403, shape=(), dtype=float32)","tf.Tensor(233.42743, shape=(), dtype=float32)",0.097,7.505434925254919e-09
"tf.Tensor(5.448568, shape=(), dtype=float32)","tf.Tensor(238.9685, shape=(), dtype=float32)",0.098,1.3544626112918683e-08
"tf.Tensor(5.6875362, shape=(), dtype=float32)","tf.Tensor(244.47328, shape=(), dtype=float32)",0.099,2.4200191048366497e-08
"tf.Tensor(5.9320097, shape=(), dtype=float32)","tf.Tensor(249.9368, shape=(), dtype=float32)",0.1,4.2822684158755307e-08
"tf.Tensor(6.1819463, shape=(), dtype=float32)","tf.Tensor(255.3541, shape=(), dtype=float32)",0.101,7.507024445044247e-08
"tf.Tensor(6.4373, shape=(), dtype=float32)","tf.Tensor(260.72025, shape=(), dtype=float32)",0.10200000000000001,1.3041556984464447e-07
"tf.Tensor(6.6980205, shape=(), dtype=float32)","tf.Tensor(266.03036, shape=(), dtype=float32)",0.10300000000000001,2.2458529073359953e-07
"tf.Tensor(6.964051, shape=(), dtype=float32)","tf.Tensor(271.27957, shape=(), dtype=float32)",0.10400000000000001,3.834777194696772e-07
"tf.Tensor(7.2353306, shape=(), dtype=float32)","tf.Tensor(276.46304, shape=(), dtype=float32)",0.105,6.494073104819046e-07
"tf.Tensor(7.5117936, shape=(), dtype=float32)","tf.Tensor(281.576, shape=(), dtype=float32)",0.106,1.0909844068237067e-06
"tf.Tensor(7.79337, shape=(), dtype=float32)","tf.Tensor(286.61368, shape=(), dtype=float32)",0.107,1.8186350197758465e-06
"tf.Tensor(8.079984, shape=(), dtype=float32)","tf.Tensor(291.57144, shape=(), dtype=float32)",0.108,3.0088114789726884e-06
"tf.Tensor(8.371555, shape=(), dtype=float32)","tf.Tensor(296.44464, shape=(), dtype=float32)",0.109,4.941506394542558e-06
"tf.Tensor(8.668, shape=(), dtype=float32)","tf.Tensor(301.22873, shape=(), dtype=float32)",0.11,8.057999575454412e-06
"tf.Tensor(8.969229, shape=(), dtype=float32)","tf.Tensor(305.91922, shape=(), dtype=float32)",0.111,1.3049184364060393e-05
"tf.Tensor(9.275148, shape=(), dtype=float32)","tf.Tensor(310.5117, shape=(), dtype=float32)",0.112,2.098983117019678e-05
"tf.Tensor(9.58566, shape=(), dtype=float32)","tf.Tensor(315.0018, shape=(), dtype=float32)",0.113,3.354144881081305e-05
"tf.Tensor(9.900661, shape=(), dtype=float32)","tf.Tensor(319.3853, shape=(), dtype=float32)",0.114,5.325699236904976e-05
"tf.Tensor(10.220047, shape=(), dtype=float32)","tf.Tensor(323.65802, shape=(), dtype=float32)",0.115,8.403593802962993e-05
"tf.Tensor(10.543705, shape=(), dtype=float32)","tf.Tensor(327.81586, shape=(), dtype=float32)",0.116,0.0001318001424769865
"tf.Tensor(10.871521, shape=(), dtype=float32)","tf.Tensor(331.85483, shape=(), dtype=float32)",0.117,0.00020549214668865706
"tf.Tensor(11.203376, shape=(), dtype=float32)","tf.Tensor(335.77103, shape=(), dtype=float32)",0.11800000000000001,0.0003185419714970112
"tf.Tensor(11.539146, shape=(), dtype=float32)","tf.Tensor(339.56067, shape=(), dtype=float32)",0.11900000000000001,0.0004910111169334575
"tf.Tensor(11.878707, shape=(), dtype=float32)","tf.Tensor(343.22006, shape=(), dtype=float32)",0.12,0.0007527106407442189
"tf.Tensor(12.221927, shape=(), dtype=float32)","tf.Tensor(346.74564, shape=(), dtype=float32)",0.121,0.0011477135713472183
"tf.Tensor(12.568672, shape=(), dtype=float32)","tf.Tensor(350.1339, shape=(), dtype=float32)",0.122,0.0017408537873177833
"tf.Tensor(12.918806, shape=(), dtype=float32)","tf.Tensor(353.38153, shape=(), dtype=float32)",0.123,0.0026270419413647905
"tf.Tensor(13.272187, shape=(), dtype=float32)","tf.Tensor(356.4853, shape=(), dtype=float32)",0.124,0.003944558360863104
"tf.Tensor(13.628673, shape=(), dtype=float32)","tf.Tensor(359.44208, shape=(), dtype=float32)",0.125,0.0058939354907525665
"tf.Tensor(13.988114, shape=(), dtype=float32)","tf.Tensor(362.2489, shape=(), dtype=float32)",0.126,0.008764663009091256
"tf.Tensor(14.350364, shape=(), dtype=float32)","tf.Tensor(364.9029, shape=(), dtype=float32)",0.127,0.012972794172662087
"tf.Tensor(14.715266, shape=(), dtype=float32)","tf.Tensor(367.40137, shape=(), dtype=float32)",0.128,0.019113681837599067
"tf.Tensor(15.082667, shape=(), dtype=float32)","tf.Tensor(369.74173, shape=(), dtype=float32)",0.129,0.028035626670160917
"tf.Tensor(15.452409, shape=(), dtype=float32)","tf.Tensor(371.9215, shape=(), dtype=float32)",0.13,0.04094231810753562
"tf.Tensor(15.82433, shape=(), dtype=float32)","tf.Tensor(373.93842, shape=(), dtype=float32)",0.131,0.05953476327153446
"tf.Tensor(16.198269, shape=(), dtype=float32)","tf.Tensor(375.79028, shape=(), dtype=float32)",0.132,0.08620716856920735
"tf.Tensor(16.574059, shape=(), dtype=float32)","tf.Tensor(377.47507, shape=(), dtype=float32)",0.133,0.12431626127533599
"tf.Tensor(16.951534, shape=(), dtype=float32)","tf.Tensor(378.9909, shape=(), dtype=float32)",0.134,0.17855021752657976
"tf.Tensor(17.330524, shape=(), dtype=float32)","tf.Tensor(380.3361, shape=(), dtype=float32)",0.135,0.2554322032887438
"tf.Tensor(17.710861, shape=(), dtype=float32)","tf.Tensor(381.50903, shape=(), dtype=float32)",0.136,0.364005200270997
"tf.Tensor(18.092371, shape=(), dtype=float32)","tf.Tensor(382.5083, shape=(), dtype=float32)",0.137,0.5167601389699422
"tf.Tensor(18.47488, shape=(), dtype=float32)","tf.Tensor(383.3326, shape=(), dtype=float32)",0.138,0.7308894783563544
"tf.Tensor(18.858213, shape=(), dtype=float32)","tf.Tensor(383.98087, shape=(), dtype=float32)",0.139,1.029974661579189
"tf.Tensor(19.242195, shape=(), dtype=float32)","tf.Tensor(384.45212, shape=(), dtype=float32)",0.14,1.4462501626450555
"tf.Tensor(19.626648, shape=(), dtype=float32)","tf.Tensor(384.74554, shape=(), dtype=float32)",0.14100000000000001,2.023631283807884
"tf.Tensor(20.011393, shape=(), dtype=float32)","tf.Tensor(384.8605, shape=(), dtype=float32)",0.14200000000000002,2.8217505188240404
"tf.Tensor(20.396254, shape=(), dtype=float32)","tf.Tensor(384.7965, shape=(), dtype=float32)",0.14300000000000002,3.921321674138893
"tf.Tensor(20.78105, shape=(), dtype=float32)","tf.Tensor(384.55325, shape=(), dtype=float32)",0.14400000000000002,5.4312466795041985
"tf.Tensor(21.165604, shape=(), dtype=float32)","tf.Tensor(384.13055, shape=(), dtype=float32)",0.145,7.498002934699772
"tf.Tensor(21.549734, shape=(), dtype=float32)","tf.Tensor(383.52838, shape=(), dtype=float32)",0.146,10.318006341920556
"tf.Tensor(21.933262, shape=(), dtype=float32)","tf.Tensor(382.74692, shape=(), dtype=float32)",0.147,14.153846075859132
"tf.Tensor(22.31601, shape=(), dtype=float32)","tf.Tensor(381.78647, shape=(), dtype=float32)",0.148,19.35554255933817
"tf.Tensor(22.697796, shape=(), dtype=float32)","tf.Tensor(380.64752, shape=(), dtype=float32)",0.149,26.388304945809107
"tf.Tensor(23.078444, shape=(), dtype=float32)","tf.Tensor(379.3307, shape=(), dtype=float32)",0.15,35.86867514548673
"tf.Tensor(23.457775, shape=(), dtype=float32)","tf.Tensor(377.83676, shape=(), dtype=float32)",0.151,48.611464311932416
"tf.Tensor(23.835611, shape=(), dtype=float32)","tf.Tensor(376.16672, shape=(), dtype=float32)",0.152,65.69054167082182
"tf.Tensor(24.211779, shape=(), dtype=float32)","tf.Tensor(374.32166, shape=(), dtype=float32)",0.153,88.51735686683794
"tf.Tensor(24.5861, shape=(), dtype=float32)","tf.Tensor(372.30283, shape=(), dtype=float32)",0.154,118.94210686101883
"tf.Tensor(24.958403, shape=(), dtype=float32)","tf.Tensor(370.11166, shape=(), dtype=float32)",0.155,159.38374514432778
"tf.Tensor(25.328514, shape=(), dtype=float32)","tf.Tensor(367.74973, shape=(), dtype=float32)",0.156,212.9966377805943
"tf.Tensor(25.696264, shape=(), dtype=float32)","tf.Tensor(365.21875, shape=(), dtype=float32)",0.157,283.8836686037357
"tf.Tensor(26.061483, shape=(), dtype=float32)","tf.Tensor(362.52063, shape=(), dtype=float32)",0.158,377.36807737595853
"tf.Tensor(26.424004, shape=(), dtype=float32)","tf.Tensor(359.65738, shape=(), dtype=float32)",0.159,500.3393870978412
"tf.Tensor(26.78366, shape=(), dtype=float32)","tf.Tensor(356.6312, shape=(), dtype=float32)",0.16,661.6925726151773
"tf.Tensor(27.140291, shape=(), dtype=float32)","tf.Tensor(353.44437, shape=(), dtype=float32)",0.161,872.8843049741873
"tf.Tensor(27.493736, shape=(), dtype=float32)","tf.Tensor(350.0994, shape=(), dtype=float32)",0.162,1148.635877806232
"tf.Tensor(27.843836, shape=(), dtype=float32)","tf.Tensor(346.59888, shape=(), dtype=float32)",0.163,1507.8194784579152
"tf.Tensor(28.190435, shape=(), dtype=float32)","tf.Tensor(342.94556, shape=(), dtype=float32)",0.164,1974.5731382589975
"tf.Tensor(28.53338, shape=(), dtype=float32)","tf.Tensor(339.1423, shape=(), dtype=float32)",0.165,2579.700290496676
"tf.Tensor(28.872522, shape=(), dtype=float32)","tf.Tensor(335.19214, shape=(), dtype=float32)",0.166,3362.4227808522774
"tf.Tensor(29.207714, shape=(), dtype=float32)","tf.Tensor(331.09824, shape=(), dtype=float32)",0.167,4372.571906768353
"tf.Tensor(29.538813, shape=(), dtype=float32)","tf.Tensor(326.86383, shape=(), dtype=float32)",0.168,5673.321160736084
"tf.Tensor(29.865677, shape=(), dtype=float32)","tf.Tensor(322.49234, shape=(), dtype=float32)",0.169,7344.587516624932
"tf.Tensor(30.18817, shape=(), dtype=float32)","tf.Tensor(317.9873, shape=(), dtype=float32)",0.17,9487.256176710365
"tf.Tensor(30.506157, shape=(), dtype=float32)","tf.Tensor(313.35233, shape=(), dtype=float32)",0.171,12228.41744129979
"tf.Tensor(30.81951, shape=(), dtype=float32)","tf.Tensor(308.5912, shape=(), dtype=float32)",0.17200000000000001,15727.845262432775
"tf.Tensor(31.128101, shape=(), dtype=float32)","tf.Tensor(303.70773, shape=(), dtype=float32)",0.17300000000000001,20185.996056667078
"tf.Tensor(31.431808, shape=(), dtype=float32)","tf.Tensor(298.70593, shape=(), dtype=float32)",0.17400000000000002,25853.865327980544
"tf.Tensor(31.730515, shape=(), dtype=float32)","tf.Tensor(293.58987, shape=(), dtype=float32)",0.17500000000000002,33045.110194714034
"tf.Tensor(32.024105, shape=(), dtype=float32)","tf.Tensor(288.36374, shape=(), dtype=float32)",0.176,42150.93038772859
"tf.Tensor(32.31247, shape=(), dtype=float32)","tf.Tensor(283.03177, shape=(), dtype=float32)",0.177,53658.301321464605
"tf.Tensor(32.5955, shape=(), dtype=float32)","tf.Tensor(277.59836, shape=(), dtype=float32)",0.178,68172.27277843466
"tf.Tensor(32.8731, shape=(), dtype=float32)","tf.Tensor(272.06793, shape=(), dtype=float32)",0.179,86443.18960819313
"tf.Tensor(33.14517, shape=(), dtype=float32)","tf.Tensor(266.44504, shape=(), dtype=float32)",0.18,109399.86130278243
"tf.Tensor(33.411613, shape=(), dtype=float32)","tf.Tensor(260.73428, shape=(), dtype=float32)",0.181,138189.90792813708
"tf.Tensor(33.672348, shape=(), dtype=float32)","tf.Tensor(254.94035, shape=(), dtype=float32)",0.182,174228.74828819683
"tf.Tensor(33.927288, shape=(), dtype=float32)","tf.Tensor(249.06801, shape=(), dtype=float32)",0.183,219258.97752763072
"tf.Tensor(34.176357, shape=(), dtype=float32)","tf.Tensor(243.12207, shape=(), dtype=float32)",0.184,275422.213871557
"tf.Tensor(34.41948, shape=(), dtype=float32)","tf.Tensor(237.10742, shape=(), dtype=float32)",0.185,345345.88409339386
"tf.Tensor(34.656586, shape=(), dtype=float32)","tf.Tensor(231.029, shape=(), dtype=float32)",0.186,432247.87620414555
"tf.Tensor(34.887615, shape=(), dtype=float32)","tf.Tensor(224.89182, shape=(), dtype=float32)",0.187,540062.5288843
"tf.Tensor(35.112507, shape=(), dtype=float32)","tf.Tensor(218.70087, shape=(), dtype=float32)",0.188,673592.0543657362
"tf.Tensor(35.331207, shape=(), dtype=float32)","tf.Tensor(212.46126, shape=(), dtype=float32)",0.189,838688.2357268299
"tf.Tensor(35.543667, shape=(), dtype=float32)","tf.Tensor(206.1781, shape=(), dtype=float32)",0.19,1042470.0942580652
"tf.Tensor(35.749844, shape=(), dtype=float32)","tf.Tensor(199.85654, shape=(), dtype=float32)",0.191,1293584.2323548475
"tf.Tensor(35.9497, shape=(), dtype=float32)","tf.Tensor(193.50175, shape=(), dtype=float32)",0.192,1602515.7275085577
"tf.Tensor(36.1432, shape=(), dtype=float32)","tf.Tensor(187.11894, shape=(), dtype=float32)",0.193,1981958.809210752
"tf.Tensor(36.33032, shape=(), dtype=float32)","tf.Tensor(180.71332, shape=(), dtype=float32)",0.194,2447258.129842984
"tf.Tensor(36.511032, shape=(), dtype=float32)","tf.Tensor(174.2901, shape=(), dtype=float32)",0.195,3016933.26296031
"tf.Tensor(36.68532, shape=(), dtype=float32)","tf.Tensor(167.85454, shape=(), dtype=float32)",0.196,3713301.1880594096
"tf.Tensor(36.853176, shape=(), dtype=float32)","tf.Tensor(161.41187, shape=(), dtype=float32)",0.197,4563213.941063297
"tf.Tensor(37.014587, shape=(), dtype=float32)","tf.Tensor(154.9673, shape=(), dtype=float32)",0.198,5598931.441865524
"tf.Tensor(37.169556, shape=(), dtype=float32)","tf.Tensor(148.5261, shape=(), dtype=float32)",0.199,6859152.746354152
"tf.Tensor(37.31808, shape=(), dtype=float32)","tf.Tensor(142.09343, shape=(), dtype=float32)",0.2,8390232.685915282
"tf.Tensor(37.460175, shape=(), dtype=float32)","tf.Tensor(135.67453, shape=(), dtype=float32)",0.201,10247615.14935042
"tf.Tensor(37.595848, shape=(), dtype=float32)","tf.Tensor(129.27455, shape=(), dtype=float32)",0.202,12497519.143399224
"tf.Tensor(37.725124, shape=(), dtype=float32)","tf.Tensor(122.89864, shape=(), dtype=float32)",0.203,15218919.405780494
"tf.Tensor(37.848022, shape=(), dtype=float32)","tf.Tensor(116.55192, shape=(), dtype=float32)",0.20400000000000001,18505869.732416514
"tf.Tensor(37.964573, shape=(), dtype=float32)","tf.Tensor(110.239456, shape=(), dtype=float32)",0.20500000000000002,22470224.502317075
"tf.Tensor(38.074814, shape=(), dtype=float32)","tf.Tensor(103.96628, shape=(), dtype=float32)",0.20600000000000002,27244822.235427924
"tf.Tensor(38.17878, shape=(), dtype=float32)","tf.Tensor(97.73737, shape=(), dtype=float32)",0.20700000000000002,32987204.49838314
"tf.Tensor(38.276516, shape=(), dtype=float32)","tf.Tensor(91.55768, shape=(), dtype=float32)",0.20800000000000002,39883954.26272362
"tf.Tensor(38.368073, shape=(), dtype=float32)","tf.Tensor(85.43207, shape=(), dtype=float32)",0.209,48155750.01229489
"tf.Tensor(38.453506, shape=(), dtype=float32)","tf.Tensor(79.36536, shape=(), dtype=float32)",0.21,58063245.87072119
"tf.Tensor(38.53287, shape=(), dtype=float32)","tf.Tensor(73.36229, shape=(), dtype=float32)",0.211,69913903.55863938
"tf.Tensor(38.60623, shape=(), dtype=float32)","tf.Tensor(67.42755, shape=(), dtype=float32)",0.212,84069919.80149418
"tf.Tensor(38.67366, shape=(), dtype=float32)","tf.Tensor(61.565742, shape=(), dtype=float32)",0.213,100957412.8015713
"tf.Tensor(38.735226, shape=(), dtype=float32)","tf.Tensor(55.781387, shape=(), dtype=float32)",0.214,121077053.93221936
"tf.Tensor(38.791008, shape=(), dtype=float32)","tf.Tensor(50.078926, shape=(), dtype=float32)",0.215,145016355.99447006
"tf.Tensor(38.841087, shape=(), dtype=float32)","tf.Tensor(44.462708, shape=(), dtype=float32)",0.216,173463858.17529553
"tf.Tensor(38.88555, shape=(), dtype=float32)","tf.Tensor(38.936996, shape=(), dtype=float32)",0.217,207225479.53978
"tf.Tensor(38.924488, shape=(), dtype=float32)","tf.Tensor(33.505955, shape=(), dtype=float32)",0.218,247243348.7541179
"tf.Tensor(38.957993, shape=(), dtype=float32)","tf.Tensor(28.173649, shape=(), dtype=float32)",0.219,294617457.83162624
"tf.Tensor(38.986168, shape=(), dtype=float32)","tf.Tensor(22.944038, shape=(), dtype=float32)",0.22,350630532.42437553
"tf.Tensor(39.009113, shape=(), dtype=float32)","tf.Tensor(17.820976, shape=(), dtype=float32)",0.221,416776561.23973197
"tf.Tensor(39.026936, shape=(), dtype=float32)","tf.Tensor(12.808204, shape=(), dtype=float32)",0.222,494793482.8036622
"tf.Tensor(39.039745, shape=(), dtype=float32)","tf.Tensor(7.909346, shape=(), dtype=float32)",0.223,586700589.2883382
"tf.Tensor(39.047653, shape=(), dtype=float32)","tf.Tensor(3.127912, shape=(), dtype=float32)",0.224,694841276.7241722
"tf.Tensor(39.05078, shape=(), dtype=float32)","tf.Tensor(-1.532711, shape=(), dtype=float32)",0.225,821931846.8103999
"tf.Tensor(39.049248, shape=(), dtype=float32)","tf.Tensor(-1.5839676, shape=(), dtype=float32)",0.226,972921968.7566289
"tf.Tensor(39.047665, shape=(), dtype=float32)","tf.Tensor(-1.5289698, shape=(), dtype=float32)",0.227,1154181302.8011222
"tf.Tensor(39.046135, shape=(), dtype=float32)","tf.Tensor(-1.3650393, shape=(), dtype=float32)",0.228,1373947833.6136904
"tf.Tensor(39.04477, shape=(), dtype=float32)","tf.Tensor(-1.089627, shape=(), dtype=float32)",0.229,1642869018.4368792
"tf.Tensor(39.04368, shape=(), dtype=float32)","tf.Tensor(-0.7003169, shape=(), dtype=float32)",0.23,1974647510.0957837
"tf.Tensor(39.042976, shape=(), dtype=float32)","tf.Tensor(-0.19482833, shape=(), dtype=float32)",0.231,2386804083.4630747
"tf.Tensor(39.04278, shape=(), dtype=float32)","tf.Tensor(-0.19482833, shape=(), dtype=float32)",0.232,2892750328.7004848
"tf.Tensor(39.042587, shape=(), dtype=float32)","tf.Tensor(-0.19482833, shape=(), dtype=float32)",0.233,3506701861.147062
"tf.Tensor(39.042393, shape=(), dtype=float32)","tf.Tensor(-0.19482833, shape=(), dtype=float32)",0.234,4243678321.359518
"tf.Tensor(39.0422, shape=(), dtype=float32)","tf.Tensor(-0.19482833, shape=(), dtype=float32)",0.23500000000000001,5119503374.961928
"tf.Tensor(39.042004, shape=(), dtype=float32)","tf.Tensor(-0.19482833, shape=(), dtype=float32)",0.23600000000000002,6150804712.867629
"tf.Tensor(39.04181, shape=(), dtype=float32)","tf.Tensor(-0.19482833, shape=(), dtype=float32)",0.23700000000000002,7355014051.121277
"tf.Tensor(39.041615, shape=(), dtype=float32)","tf.Tensor(-0.19482833, shape=(), dtype=float32)",0.23800000000000002,8750367130.994335
"tf.Tensor(39.04142, shape=(), dtype=float32)","tf.Tensor(-0.19482833, shape=(), dtype=float32)",0.23900000000000002,10355903718.826536
"tf.Tensor(39.041225, shape=(), dtype=float32)","tf.Tensor(-0.19482833, shape=(), dtype=float32)",0.24,12191467606.266241
"tf.Tensor(39.04103, shape=(), dtype=float32)","tf.Tensor(-0.19482833, shape=(), dtype=float32)",0.241,14277706609.98934
"tf.Tensor(39.040836, shape=(), dtype=float32)","tf.Tensor(-0.19482833, shape=(), dtype=float32)",0.242,16636072572.040432
"tf.Tensor(39.04064, shape=(), dtype=float32)","tf.Tensor(-0.19482833, shape=(), dtype=float32)",0.243,19288821359.522503
"tf.Tensor(39.040447, shape=(), dtype=float32)","tf.Tensor(-0.19482833, shape=(), dtype=float32)",0.244,22259012864.68164
"tf.Tensor(39.040253, shape=(), dtype=float32)","tf.Tensor(-0.19482833, shape=(), dtype=float32)",0.245,25570511005.08813
"tf.Tensor(39.04006, shape=(), dtype=float32)","tf.Tensor(-0.19482833, shape=(), dtype=float32)",0.246,29247983723.380272
"tf.Tensor(39.039864, shape=(), dtype=float32)","tf.Tensor(-0.19482833, shape=(), dtype=float32)",0.247,33316902987.283394
"tf.Tensor(39.03967, shape=(), dtype=float32)","tf.Tensor(-0.19482833, shape=(), dtype=float32)",0.248,37803544789.908295
"tf.Tensor(39.039474, shape=(), dtype=float32)","tf.Tensor(-0.19482833, shape=(), dtype=float32)",0.249,42734989149.41696
"tf.Tensor(39.03928, shape=(), dtype=float32)","tf.Tensor(-0.19482833, shape=(), dtype=float32)",0.25,48139120109.23141
"tf.Tensor(39.039085, shape=(), dtype=float32)","tf.Tensor(-0.19482833, shape=(), dtype=float32)",0.251,54044625737.908424
"tf.Tensor(39.03889, shape=(), dtype=float32)","tf.Tensor(-0.19482833, shape=(), dtype=float32)",0.252,60480998129.211945
"tf.Tensor(39.038696, shape=(), dtype=float32)","tf.Tensor(-0.19482833, shape=(), dtype=float32)",0.253,67478533402.18603
"tf.Tensor(39.0385, shape=(), dtype=float32)","tf.Tensor(-0.19482833, shape=(), dtype=float32)",0.254,75068331700.57771
"tf.Tensor(39.038307, shape=(), dtype=float32)","tf.Tensor(-0.19482833, shape=(), dtype=float32)",0.255,83282297193.91226
"tf.Tensor(39.038113, shape=(), dtype=float32)","tf.Tensor(-0.19482833, shape=(), dtype=float32)",0.256,92153138076.45834
"tf.Tensor(39.037918, shape=(), dtype=float32)","tf.Tensor(-0.19482833, shape=(), dtype=float32)",0.257,101714366568.31758
"tf.Tensor(39.037724, shape=(), dtype=float32)","tf.Tensor(-0.19482833, shape=(), dtype=float32)",0.258,112000298913.57281
"tf.Tensor(39.03753, shape=(), dtype=float32)","tf.Tensor(-0.19482833, shape=(), dtype=float32)",0.259,123046055382.6802
"tf.Tensor(39.037334, shape=(), dtype=float32)","tf.Tensor(-0.19482833, shape=(), dtype=float32)",0.26,134887560270.86766
"tf.Tensor(39.03714, shape=(), dtype=float32)","tf.Tensor(-0.19482833, shape=(), dtype=float32)",0.261,147561541898.0458
"tf.Tensor(39.036945, shape=(), dtype=float32)","tf.Tensor(-0.19482833, shape=(), dtype=float32)",0.262,161105532610.23688
"tf.Tensor(39.03675, shape=(), dtype=float32)","tf.Tensor(-0.1426086, shape=(), dtype=float32)",0.263,175557868777.89517
"tf.Tensor(39.03661, shape=(), dtype=float32)","tf.Tensor(0.045833543, shape=(), dtype=float32)",0.264,191190914063.0647
"tf.Tensor(39.036655, shape=(), dtype=float32)","tf.Tensor(0.36865312, shape=(), dtype=float32)",0.265,208351022460.73624
"tf.Tensor(39.037025, shape=(), dtype=float32)","tf.Tensor(0.8238609, shape=(), dtype=float32)",0.266,227500480148.24042
"tf.Tensor(39.03785, shape=(), dtype=float32)","tf.Tensor(1.8568077, shape=(), dtype=float32)",0.267,248952279235.50107
"tf.Tensor(39.039707, shape=(), dtype=float32)","tf.Tensor(3.0129108, shape=(), dtype=float32)",0.268,273049846889.2203
"tf.Tensor(39.04272, shape=(), dtype=float32)","tf.Tensor(4.2891397, shape=(), dtype=float32)",0.269,300169288616.2072
"tf.Tensor(39.04701, shape=(), dtype=float32)","tf.Tensor(5.682343, shape=(), dtype=float32)",0.27,330721773569.061
"tf.Tensor(39.052692, shape=(), dtype=float32)","tf.Tensor(7.189251, shape=(), dtype=float32)",0.271,365156076455.88116
"tf.Tensor(39.059883, shape=(), dtype=float32)","tf.Tensor(8.806479, shape=(), dtype=float32)",0.272,403961292075.3697
"tf.Tensor(39.06869, shape=(), dtype=float32)","tf.Tensor(10.530532, shape=(), dtype=float32)",0.273,447669739936.41815
"tf.Tensor(39.079224, shape=(), dtype=float32)","tf.Tensor(12.357805, shape=(), dtype=float32)",0.274,496860077722.2312
"tf.Tensor(39.091583, shape=(), dtype=float32)","tf.Tensor(14.284593, shape=(), dtype=float32)",0.275,552160643625.7264
"tf.Tensor(39.10587, shape=(), dtype=float32)","tf.Tensor(16.307087, shape=(), dtype=float32)",0.276,614253048695.1649
"tf.Tensor(39.122177, shape=(), dtype=float32)","tf.Tensor(18.421385, shape=(), dtype=float32)",0.277,683876041364.5405
"tf.Tensor(39.1406, shape=(), dtype=float32)","tf.Tensor(20.62349, shape=(), dtype=float32)",0.278,761829667133.2172
"tf.Tensor(39.16122, shape=(), dtype=float32)","tf.Tensor(22.90932, shape=(), dtype=float32)",0.279,848979747046.4064
"tf.Tensor(39.18413, shape=(), dtype=float32)","tf.Tensor(25.27471, shape=(), dtype=float32)",0.28,946262699036.0929
"tf.Tensor(39.209408, shape=(), dtype=float32)","tf.Tensor(27.71541, shape=(), dtype=float32)",0.281,1054690726491.66
"tf.Tensor(39.23712, shape=(), dtype=float32)","tf.Tensor(30.2271, shape=(), dtype=float32)",0.28200000000000003,1175357398194.7288
"tf.Tensor(39.26735, shape=(), dtype=float32)","tf.Tensor(32.80539, shape=(), dtype=float32)",0.28300000000000003,1309443643666.0964
"tf.Tensor(39.300156, shape=(), dtype=float32)","tf.Tensor(35.44582, shape=(), dtype=float32)",0.28400000000000003,1458224187248.7134
"tf.Tensor(39.3356, shape=(), dtype=float32)","tf.Tensor(38.14387, shape=(), dtype=float32)",0.28500000000000003,1623074443591.0295
"tf.Tensor(39.373745, shape=(), dtype=float32)","tf.Tensor(40.89497, shape=(), dtype=float32)",0.28600000000000003,1805477895671.7058
"tf.Tensor(39.41464, shape=(), dtype=float32)","tf.Tensor(43.694485, shape=(), dtype=float32)",0.28700000000000003,2007033975355.3945
"tf.Tensor(39.458332, shape=(), dtype=float32)","tf.Tensor(46.537743, shape=(), dtype=float32)",0.28800000000000003,2229466464576.95
"tf.Tensor(39.50487, shape=(), dtype=float32)","tf.Tensor(49.42002, shape=(), dtype=float32)",0.289,2474632433213.051
"tf.Tensor(39.55429, shape=(), dtype=float32)","tf.Tensor(52.336567, shape=(), dtype=float32)",0.29,2744531727257.307
"tf.Tensor(39.60663, shape=(), dtype=float32)","tf.Tensor(55.282593, shape=(), dtype=float32)",0.291,3041317018158.169
"tf.Tensor(39.66191, shape=(), dtype=float32)","tf.Tensor(58.25328, shape=(), dtype=float32)",0.292,3367304421419.277
"tf.Tensor(39.720165, shape=(), dtype=float32)","tf.Tensor(61.24379, shape=(), dtype=float32)",0.293,3724984689187.7856
"tf.Tensor(39.78141, shape=(), dtype=float32)","tf.Tensor(64.24926, shape=(), dtype=float32)",0.294,4117034978087.366
"tf.Tensor(39.84566, shape=(), dtype=float32)","tf.Tensor(67.264824, shape=(), dtype=float32)",0.295,4546331189952.04
"tf.Tensor(39.912926, shape=(), dtype=float32)","tf.Tensor(70.2856, shape=(), dtype=float32)",0.296,5015960879150.443
"tf.Tensor(39.98321, shape=(), dtype=float32)","tf.Tensor(73.3067, shape=(), dtype=float32)",0.297,5529236716080.035
"tf.Tensor(40.05652, shape=(), dtype=float32)","tf.Tensor(76.32326, shape=(), dtype=float32)",0.298,6089710492211.334
"tf.Tensor(40.132843, shape=(), dtype=float32)","tf.Tensor(79.33039, shape=(), dtype=float32)",0.299,6701187648156.013
"tf.Tensor(40.212173, shape=(), dtype=float32)","tf.Tensor(82.323235, shape=(), dtype=float32)",0.3,7367742301156.769
"tf.Tensor(40.2945, shape=(), dtype=float32)","tf.Tensor(85.29695, shape=(), dtype=float32)",0.301,8093732744608.685
"tf.Tensor(40.379795, shape=(), dtype=float32)","tf.Tensor(88.24671, shape=(), dtype=float32)",0.302,8883817387688.498
"tf.Tensor(40.46804, shape=(), dtype=float32)","tf.Tensor(91.16772, shape=(), dtype=float32)",0.303,9742971098599.477
"tf.Tensor(40.559208, shape=(), dtype=float32)","tf.Tensor(94.05521, shape=(), dtype=float32)",0.304,10676501911222.373
"tf.Tensor(40.653263, shape=(), dtype=float32)","tf.Tensor(96.90445, shape=(), dtype=float32)",0.305,11690068050355.186
"tf.Tensor(40.750168, shape=(), dtype=float32)","tf.Tensor(99.710754, shape=(), dtype=float32)",0.306,12789695227676.594
"tf.Tensor(40.84988, shape=(), dtype=float32)","tf.Tensor(102.46948, shape=(), dtype=float32)",0.307,13981794155629.531
"tf.Tensor(40.95235, shape=(), dtype=float32)","tf.Tensor(105.17604, shape=(), dtype=float32)",0.308,15273178224081.586
"tf.Tensor(41.057526, shape=(), dtype=float32)","tf.Tensor(107.8259, shape=(), dtype=float32)",0.309,16671081281590.3
"tf.Tensor(41.16535, shape=(), dtype=float32)","tf.Tensor(110.41457, shape=(), dtype=float32)",0.31,18183175458956.883
"tf.Tensor(41.27577, shape=(), dtype=float32)","tf.Tensor(112.93766, shape=(), dtype=float32)",0.311,19817588972635.434
"tf.Tensor(41.388706, shape=(), dtype=float32)","tf.Tensor(115.390816, shape=(), dtype=float32)",0.312,21582923841389.836
"tf.Tensor(41.504097, shape=(), dtype=float32)","tf.Tensor(117.76977, shape=(), dtype=float32)",0.313,23488273449312.777
"tf.Tensor(41.62187, shape=(), dtype=float32)","tf.Tensor(120.07033, shape=(), dtype=float32)",0.314,25543239887804.156
"tf.Tensor(41.74194, shape=(), dtype=float32)","tf.Tensor(122.28839, shape=(), dtype=float32)",0.315,27757951006784.57
"tf.Tensor(41.864227, shape=(), dtype=float32)","tf.Tensor(124.41994, shape=(), dtype=float32)",0.316,30143077106713.7
"tf.Tensor(41.988647, shape=(), dtype=float32)","tf.Tensor(126.46103, shape=(), dtype=float32)",0.317,32709847203596.805
"tf.Tensor(42.11511, shape=(), dtype=float32)","tf.Tensor(128.40784, shape=(), dtype=float32)",0.318,35470064799841.29
"tf.Tensor(42.243515, shape=(), dtype=float32)","tf.Tensor(130.2566, shape=(), dtype=float32)",0.319,38436123095450.99
"tf.Tensor(42.37377, shape=(), dtype=float32)","tf.Tensor(132.00372, shape=(), dtype=float32)",0.32,41621019577160.66
"tf.Tensor(42.505775, shape=(), dtype=float32)","tf.Tensor(133.64565, shape=(), dtype=float32)",0.321,45038369925324.9
"tf.Tensor(42.63942, shape=(), dtype=float32)","tf.Tensor(135.17896, shape=(), dtype=float32)",0.322,48702421183104.32
"tf.Tensor(42.774597, shape=(), dtype=float32)","tf.Tensor(136.60034, shape=(), dtype=float32)",0.323,52628064135951.12
"tf.Tensor(42.911198, shape=(), dtype=float32)","tf.Tensor(137.90662, shape=(), dtype=float32)",0.324,56830844855029.26
"tf.Tensor(43.049103, shape=(), dtype=float32)","tf.Tensor(139.09471, shape=(), dtype=float32)",0.325,61326975366028.22
"tf.Tensor(43.188198, shape=(), dtype=float32)","tf.Tensor(140.16168, shape=(), dtype=float32)",0.326,66133343408934.52
"tf.Tensor(43.32836, shape=(), dtype=float32)","tf.Tensor(141.1047, shape=(), dtype=float32)",0.327,71267521265381.69
"tf.Tensor(43.469467, shape=(), dtype=float32)","tf.Tensor(141.9211, shape=(), dtype=float32)",0.328,76747773637198.31
"tf.Tensor(43.61139, shape=(), dtype=float32)","tf.Tensor(142.60829, shape=(), dtype=float32)",0.329,82593064571594.73
"tf.Tensor(43.753998, shape=(), dtype=float32)","tf.Tensor(143.16386, shape=(), dtype=float32)",0.33,88823063440084.89
"tf.Tensor(43.897163, shape=(), dtype=float32)","tf.Tensor(143.58553, shape=(), dtype=float32)",0.331,95458149990522.84
"tf.Tensor(44.04075, shape=(), dtype=float32)","tf.Tensor(143.87112, shape=(), dtype=float32)",0.332,102519418508956.77
"tf.Tensor(44.18462, shape=(), dtype=float32)","tf.Tensor(144.01865, shape=(), dtype=float32)",0.333,110028681142707.89
"tf.Tensor(44.32864, shape=(), dtype=float32)","tf.Tensor(144.02625, shape=(), dtype=float32)",0.334,118008470455751.44
"tf.Tensor(44.472668, shape=(), dtype=float32)","tf.Tensor(143.8922, shape=(), dtype=float32)",0.335,126482041310147.89
"tf.Tensor(44.616558, shape=(), dtype=float32)","tf.Tensor(143.61491, shape=(), dtype=float32)",0.336,135473372189707.42
"tf.Tensor(44.760174, shape=(), dtype=float32)","tf.Tensor(143.193, shape=(), dtype=float32)",0.337,145007166110692.03
"tf.Tensor(44.903366, shape=(), dtype=float32)","tf.Tensor(142.62517, shape=(), dtype=float32)",0.338,155108851293148.8
"tf.Tensor(45.04599, shape=(), dtype=float32)","tf.Tensor(141.91031, shape=(), dtype=float32)",0.339,165804581804742.5
"tf.Tensor(45.1879, shape=(), dtype=float32)","tf.Tensor(141.04745, shape=(), dtype=float32)",0.34,177121238423640.75
"tf.Tensor(45.32895, shape=(), dtype=float32)","tf.Tensor(140.0358, shape=(), dtype=float32)",0.341,189086430012881.88
"tf.Tensor(45.468987, shape=(), dtype=float32)","tf.Tensor(138.87468, shape=(), dtype=float32)",0.342,201728495746017.8
"tf.Tensor(45.60786, shape=(), dtype=float32)","tf.Tensor(137.56361, shape=(), dtype=float32)",0.343,215076508580638.88
"tf.Tensor(45.745422, shape=(), dtype=float32)","tf.Tensor(136.10225, shape=(), dtype=float32)",0.34400000000000003,229160280434295.5
"tf.Tensor(45.881523, shape=(), dtype=float32)","tf.Tensor(134.4904, shape=(), dtype=float32)",0.34500000000000003,244010369589396.12
"tf.Tensor(46.016014, shape=(), dtype=float32)","tf.Tensor(132.72804, shape=(), dtype=float32)",0.34600000000000003,259658090927585.94
"tf.Tensor(46.148743, shape=(), dtype=float32)","tf.Tensor(130.81529, shape=(), dtype=float32)",0.34700000000000003,276135529677027.72
"tf.Tensor(46.279556, shape=(), dtype=float32)","tf.Tensor(128.75246, shape=(), dtype=float32)",0.34800000000000003,293475559456754.06
"tf.Tensor(46.40831, shape=(), dtype=float32)","tf.Tensor(126.53997, shape=(), dtype=float32)",0.34900000000000003,311711865492252.8
"tf.Tensor(46.53485, shape=(), dtype=float32)","tf.Tensor(124.17844, shape=(), dtype=float32)",0.35000000000000003,330878974008336.3
