x0,x1,time,det_fi,log_det
"tf.Tensor(0.0, shape=(), dtype=float32)","tf.Tensor(0.046916608, shape=(), dtype=float32)",0.001,0.0,inf
"tf.Tensor(4.691661e-05, shape=(), dtype=float32)","tf.Tensor(0.14076228, shape=(), dtype=float32)",0.002,0.0,inf
"tf.Tensor(0.0001876789, shape=(), dtype=float32)","tf.Tensor(0.28153265, shape=(), dtype=float32)",0.003,0.0,inf
"tf.Tensor(0.00046921155, shape=(), dtype=float32)","tf.Tensor(0.4692188, shape=(), dtype=float32)",0.004,0.0,inf
"tf.Tensor(0.00093843037, shape=(), dtype=float32)","tf.Tensor(0.70380753, shape=(), dtype=float32)",0.005,0.0,inf
"tf.Tensor(0.0016422379, shape=(), dtype=float32)","tf.Tensor(-1.2606411, shape=(), dtype=float32)",0.006,2.450464475331419e-71,162.58726401422103
"tf.Tensor(0.00038159674, shape=(), dtype=float32)","tf.Tensor(1.3162439, shape=(), dtype=float32)",0.007,3.1236934994092973e-55,125.50316399909306
"tf.Tensor(0.0016978406, shape=(), dtype=float32)","tf.Tensor(-0.557155, shape=(), dtype=float32)",0.008,2.567572365097768e-53,121.09404908121809
"tf.Tensor(0.0011406855, shape=(), dtype=float32)","tf.Tensor(2.1102967, shape=(), dtype=float32)",0.009000000000000001,2.6019328007225832e-51,116.47558518894928
"tf.Tensor(0.0032509824, shape=(), dtype=float32)","tf.Tensor(0.3269751, shape=(), dtype=float32)",0.01,1.6803615861781405e-49,112.30766055658376
"tf.Tensor(0.0035779574, shape=(), dtype=float32)","tf.Tensor(0.84287643, shape=(), dtype=float32)",0.011,7.876359342272622e-48,108.46021867900697
"tf.Tensor(0.0044208337, shape=(), dtype=float32)","tf.Tensor(-0.8408961, shape=(), dtype=float32)",0.012,1.2315046491557687e-46,105.71067756395723
"tf.Tensor(0.0035799374, shape=(), dtype=float32)","tf.Tensor(2.015341, shape=(), dtype=float32)",0.013000000000000001,1.647010680844892e-45,103.11736724852729
"tf.Tensor(0.0055952785, shape=(), dtype=float32)","tf.Tensor(0.41994965, shape=(), dtype=float32)",0.014,7.269423921056735e-45,101.63265213689624
"tf.Tensor(0.006015228, shape=(), dtype=float32)","tf.Tensor(1.1233466, shape=(), dtype=float32)",0.015,3.096375649969852e-44,100.18351180940131
"tf.Tensor(0.0071385745, shape=(), dtype=float32)","tf.Tensor(-0.37424922, shape=(), dtype=float32)",0.016,1.3035973552030408e-43,98.74603135960562
"tf.Tensor(0.0067643253, shape=(), dtype=float32)","tf.Tensor(0.42286062, shape=(), dtype=float32)",0.017,5.140842496640616e-43,97.37394202285638
"tf.Tensor(0.007187186, shape=(), dtype=float32)","tf.Tensor(1.2669348, shape=(), dtype=float32)",0.018000000000000002,2.011946424145276e-42,96.00947128202537
"tf.Tensor(0.008454121, shape=(), dtype=float32)","tf.Tensor(-0.09065461, shape=(), dtype=float32)",0.019,6.046338901582489e-42,94.90912095711272
"tf.Tensor(0.008363466, shape=(), dtype=float32)","tf.Tensor(0.84711856, shape=(), dtype=float32)",0.02,1.7239126826150474e-41,93.86139228993216
"tf.Tensor(0.009210585, shape=(), dtype=float32)","tf.Tensor(-0.41476256, shape=(), dtype=float32)",0.021,4.779776357813289e-41,92.84159505441541
"tf.Tensor(0.008795822, shape=(), dtype=float32)","tf.Tensor(0.6167975, shape=(), dtype=float32)",0.022,1.2465630710799533e-40,91.88301349852054
"tf.Tensor(0.009412619, shape=(), dtype=float32)","tf.Tensor(-0.55019027, shape=(), dtype=float32)",0.023,3.4373500265036975e-40,90.86870288637436
"tf.Tensor(0.008862429, shape=(), dtype=float32)","tf.Tensor(2.8204386, shape=(), dtype=float32)",0.024,1.3262022322684928e-39,89.51849923361004
"tf.Tensor(0.011682868, shape=(), dtype=float32)","tf.Tensor(1.7370092, shape=(), dtype=float32)",0.025,3.6433615699480233e-39,88.50791186306301
"tf.Tensor(0.013419878, shape=(), dtype=float32)","tf.Tensor(0.70530427, shape=(), dtype=float32)",0.026000000000000002,8.061501621840101e-39,87.71371878216273
"tf.Tensor(0.014125182, shape=(), dtype=float32)","tf.Tensor(-0.2748158, shape=(), dtype=float32)",0.027,1.5247253976057325e-38,87.07641920707218
"tf.Tensor(0.013850367, shape=(), dtype=float32)","tf.Tensor(1.0378561, shape=(), dtype=float32)",0.028,3.0417118935833773e-38,86.38581305396053
"tf.Tensor(0.014888223, shape=(), dtype=float32)","tf.Tensor(0.15000021, shape=(), dtype=float32)",0.029,5.728041823675342e-38,85.75285980252275
"tf.Tensor(0.015038224, shape=(), dtype=float32)","tf.Tensor(1.5564584, shape=(), dtype=float32)",0.03,1.0917791581380363e-37,85.10783982004679
"tf.Tensor(0.016594682, shape=(), dtype=float32)","tf.Tensor(0.7599262, shape=(), dtype=float32)",0.031,2.050529826347526e-37,84.47755022914546
"tf.Tensor(0.017354608, shape=(), dtype=float32)","tf.Tensor(0.013897359, shape=(), dtype=float32)",0.032,3.6584764356929414e-37,83.89860165443349
"tf.Tensor(0.017368505, shape=(), dtype=float32)","tf.Tensor(1.5609107, shape=(), dtype=float32)",0.033,6.450088265231951e-37,83.33155462553356
"tf.Tensor(0.018929416, shape=(), dtype=float32)","tf.Tensor(0.9049257, shape=(), dtype=float32)",0.034,1.1286854426579708e-36,82.7720097173307
"tf.Tensor(0.019834341, shape=(), dtype=float32)","tf.Tensor(0.298787, shape=(), dtype=float32)",0.035,1.9328683574733106e-36,82.23405825258247
"tf.Tensor(0.020133128, shape=(), dtype=float32)","tf.Tensor(1.9863542, shape=(), dtype=float32)",0.036000000000000004,3.3522127999209555e-36,81.68344268271757
"tf.Tensor(0.022119483, shape=(), dtype=float32)","tf.Tensor(1.4689089, shape=(), dtype=float32)",0.037,5.992821372637469e-36,81.10250103275456
"tf.Tensor(0.023588393, shape=(), dtype=float32)","tf.Tensor(1.0006226, shape=(), dtype=float32)",0.038,1.107331153847228e-35,80.48852550050002
"tf.Tensor(0.024589015, shape=(), dtype=float32)","tf.Tensor(0.5813146, shape=(), dtype=float32)",0.039,2.0823621546143687e-35,79.85697535418555
"tf.Tensor(0.02517033, shape=(), dtype=float32)","tf.Tensor(0.2108002, shape=(), dtype=float32)",0.04,3.856838025228753e-35,79.2406305714619
"tf.Tensor(0.02538113, shape=(), dtype=float32)","tf.Tensor(2.1325104, shape=(), dtype=float32)",0.041,6.567597927454114e-35,78.70833010140718
"tf.Tensor(0.02751364, shape=(), dtype=float32)","tf.Tensor(1.8485336, shape=(), dtype=float32)",0.042,1.1788158149422707e-34,78.12338277386917
"tf.Tensor(0.029362174, shape=(), dtype=float32)","tf.Tensor(1.6126115, shape=(), dtype=float32)",0.043000000000000003,2.3037856424583776e-34,77.45333946041957
"tf.Tensor(0.030974785, shape=(), dtype=float32)","tf.Tensor(1.4245468, shape=(), dtype=float32)",0.044,4.803949059845719e-34,76.71845486133176
"tf.Tensor(0.03239933, shape=(), dtype=float32)","tf.Tensor(1.2841376, shape=(), dtype=float32)",0.045,1.0166487085010258e-33,75.96879643077779
"tf.Tensor(0.033683468, shape=(), dtype=float32)","tf.Tensor(1.1911794, shape=(), dtype=float32)",0.046,2.0950452982945338e-33,75.24573289356553
"tf.Tensor(0.034874648, shape=(), dtype=float32)","tf.Tensor(1.1454636, shape=(), dtype=float32)",0.047,4.121396820189464e-33,74.56911592887455
"tf.Tensor(0.03602011, shape=(), dtype=float32)","tf.Tensor(1.1467786, shape=(), dtype=float32)",0.048,7.703877938763963e-33,73.94358423831119
"tf.Tensor(0.03716689, shape=(), dtype=float32)","tf.Tensor(1.1949085, shape=(), dtype=float32)",0.049,1.3716966485329538e-32,73.36667457260471
"tf.Tensor(0.0383618, shape=(), dtype=float32)","tf.Tensor(1.2896348, shape=(), dtype=float32)",0.05,2.3373432817140522e-32,72.83370804113241
"tf.Tensor(0.039651435, shape=(), dtype=float32)","tf.Tensor(1.4307351, shape=(), dtype=float32)",0.051000000000000004,3.830697266371561e-32,72.33967613530379
"tf.Tensor(0.04108217, shape=(), dtype=float32)","tf.Tensor(1.6179839, shape=(), dtype=float32)",0.052000000000000005,6.075135372606011e-32,71.87851870327458
"tf.Tensor(0.042700153, shape=(), dtype=float32)","tf.Tensor(1.8511527, shape=(), dtype=float32)",0.053,9.424198770642382e-32,71.43944225716146
"tf.Tensor(0.044551305, shape=(), dtype=float32)","tf.Tensor(2.130009, shape=(), dtype=float32)",0.054,1.46254489259112e-31,70.99995988737385
"tf.Tensor(0.046681315, shape=(), dtype=float32)","tf.Tensor(2.4543173, shape=(), dtype=float32)",0.055,2.3657239364610044e-31,70.51905380350001
"tf.Tensor(0.049135633, shape=(), dtype=float32)","tf.Tensor(2.8238392, shape=(), dtype=float32)",0.056,4.202087242435985e-31,69.9445565184863
"tf.Tensor(0.051959474, shape=(), dtype=float32)","tf.Tensor(3.2383332, shape=(), dtype=float32)",0.057,8.434456149937904e-31,69.2478126443036
"tf.Tensor(0.055197805, shape=(), dtype=float32)","tf.Tensor(3.697554, shape=(), dtype=float32)",0.058,1.8693731664974432e-30,68.45194962023024
"tf.Tensor(0.05889536, shape=(), dtype=float32)","tf.Tensor(4.2012544, shape=(), dtype=float32)",0.059000000000000004,4.341279133993263e-30,67.60938375379895
"tf.Tensor(0.06309661, shape=(), dtype=float32)","tf.Tensor(4.7491827, shape=(), dtype=float32)",0.06,1.011090397020823e-29,66.76393834731351
"tf.Tensor(0.0678458, shape=(), dtype=float32)","tf.Tensor(5.341085, shape=(), dtype=float32)",0.061,2.307258001086779e-29,65.93890788986752
"tf.Tensor(0.07318688, shape=(), dtype=float32)","tf.Tensor(5.9767046, shape=(), dtype=float32)",0.062,5.118154529340395e-29,65.14217376623948
"tf.Tensor(0.07916359, shape=(), dtype=float32)","tf.Tensor(6.6557813, shape=(), dtype=float32)",0.063,1.1045487560870842e-28,64.37294571779952
"tf.Tensor(0.08581937, shape=(), dtype=float32)","tf.Tensor(7.378052, shape=(), dtype=float32)",0.064,2.3312073044714632e-28,63.625996314026835
"tf.Tensor(0.09319742, shape=(), dtype=float32)","tf.Tensor(8.143251, shape=(), dtype=float32)",0.065,4.846989974461498e-28,62.89402471537294
"tf.Tensor(0.101340674, shape=(), dtype=float32)","tf.Tensor(8.951111, shape=(), dtype=float32)",0.066,1.0005769646950761e-27,62.16922071252429
"tf.Tensor(0.11029179, shape=(), dtype=float32)","tf.Tensor(9.801359, shape=(), dtype=float32)",0.067,2.0651363768497655e-27,61.44460124454892
"tf.Tensor(0.120093144, shape=(), dtype=float32)","tf.Tensor(10.693723, shape=(), dtype=float32)",0.068,4.282864458795472e-27,60.71517545903048
"tf.Tensor(0.13078687, shape=(), dtype=float32)","tf.Tensor(11.627924, shape=(), dtype=float32)",0.069,8.945329131921184e-27,59.97866599948323
"tf.Tensor(0.1424148, shape=(), dtype=float32)","tf.Tensor(12.603684, shape=(), dtype=float32)",0.07,1.8807998825402897e-26,59.23551526205346
"tf.Tensor(0.15501848, shape=(), dtype=float32)","tf.Tensor(13.620721, shape=(), dtype=float32)",0.07100000000000001,3.970947314137225e-26,58.48820773344029
"tf.Tensor(0.1686392, shape=(), dtype=float32)","tf.Tensor(14.67875, shape=(), dtype=float32)",0.07200000000000001,8.389268696830656e-26,57.74025906483243
"tf.Tensor(0.18331794, shape=(), dtype=float32)","tf.Tensor(15.777483, shape=(), dtype=float32)",0.073,1.7671003189977314e-25,56.99528735949881
"tf.Tensor(0.19909543, shape=(), dtype=float32)","tf.Tensor(16.916632, shape=(), dtype=float32)",0.074,3.6995854530465588e-25,56.25640655119503
"tf.Tensor(0.21601206, shape=(), dtype=float32)","tf.Tensor(18.095903, shape=(), dtype=float32)",0.075,7.680334953598362e-25,55.52596416489283
"tf.Tensor(0.23410797, shape=(), dtype=float32)","tf.Tensor(19.315002, shape=(), dtype=float32)",0.076,1.5785670002466384e-24,54.805524758226206
"tf.Tensor(0.25342298, shape=(), dtype=float32)","tf.Tensor(20.573633, shape=(), dtype=float32)",0.077,3.2093232106547344e-24,54.09598215474685
"tf.Tensor(0.27399662, shape=(), dtype=float32)","tf.Tensor(21.871494, shape=(), dtype=float32)",0.078,6.4515951542157936e-24,53.39771482089454
"tf.Tensor(0.29586813, shape=(), dtype=float32)","tf.Tensor(23.208286, shape=(), dtype=float32)",0.079,1.2823828700754433e-23,52.71073717434692
"tf.Tensor(0.31907642, shape=(), dtype=float32)","tf.Tensor(24.583704, shape=(), dtype=float32)",0.08,2.520936187838558e-23,52.034826803219374
"tf.Tensor(0.34366012, shape=(), dtype=float32)","tf.Tensor(25.997442, shape=(), dtype=float32)",0.081,4.902935451556897e-23,51.36962304137201
"tf.Tensor(0.36965755, shape=(), dtype=float32)","tf.Tensor(27.44919, shape=(), dtype=float32)",0.082,9.438131457682305e-23,50.71469911710295
"tf.Tensor(0.39710674, shape=(), dtype=float32)","tf.Tensor(28.938639, shape=(), dtype=float32)",0.083,1.7990516048124603e-22,50.0696124060355
"tf.Tensor(0.4260454, shape=(), dtype=float32)","tf.Tensor(30.465475, shape=(), dtype=float32)",0.084,3.397142142304082e-22,49.43393751408523
"tf.Tensor(0.45651087, shape=(), dtype=float32)","tf.Tensor(32.029385, shape=(), dtype=float32)",0.085,6.357185248955332e-22,48.80728633739936
"tf.Tensor(0.48854026, shape=(), dtype=float32)","tf.Tensor(33.63005, shape=(), dtype=float32)",0.08600000000000001,1.1793559764483478e-21,48.189318446061854
"tf.Tensor(0.5221703, shape=(), dtype=float32)","tf.Tensor(35.267155, shape=(), dtype=float32)",0.08700000000000001,2.1695991698037873e-21,47.57974451676053
"tf.Tensor(0.5574375, shape=(), dtype=float32)","tf.Tensor(36.940372, shape=(), dtype=float32)",0.088,3.958883561564013e-21,46.97832489625597
"tf.Tensor(0.5943779, shape=(), dtype=float32)","tf.Tensor(38.649387, shape=(), dtype=float32)",0.089,7.16653249509758e-21,46.384865028198995
"tf.Tensor(0.63302726, shape=(), dtype=float32)","tf.Tensor(40.393867, shape=(), dtype=float32)",0.09,1.2872301932703124e-20,45.799209086910636
"tf.Tensor(0.67342114, shape=(), dtype=float32)","tf.Tensor(42.173492, shape=(), dtype=float32)",0.091,2.2943946877090683e-20,45.22123280378946
"tf.Tensor(0.71559465, shape=(), dtype=float32)","tf.Tensor(43.98793, shape=(), dtype=float32)",0.092,4.0587117358263084e-20,44.65083624306634
"tf.Tensor(0.7595826, shape=(), dtype=float32)","tf.Tensor(45.836853, shape=(), dtype=float32)",0.093,7.126105292709683e-20,44.08793701695607
"tf.Tensor(0.80541945, shape=(), dtype=float32)","tf.Tensor(47.71993, shape=(), dtype=float32)",0.094,1.241912397452846e-19,43.532464319315
"tf.Tensor(0.8531394, shape=(), dtype=float32)","tf.Tensor(49.63682, shape=(), dtype=float32)",0.095,2.1484849204332234e-19,42.98435386132731
"tf.Tensor(0.90277624, shape=(), dtype=float32)","tf.Tensor(51.587196, shape=(), dtype=float32)",0.096,3.689802641302764e-19,42.44354379500659
"tf.Tensor(0.95436347, shape=(), dtype=float32)","tf.Tensor(53.570717, shape=(), dtype=float32)",0.097,6.291157877356568e-19,41.90997163086493
"tf.Tensor(1.0079342, shape=(), dtype=float32)","tf.Tensor(55.587048, shape=(), dtype=float32)",0.098,1.0649839115004493e-18,41.38357198141789
"tf.Tensor(1.0635213, shape=(), dtype=float32)","tf.Tensor(57.635845, shape=(), dtype=float32)",0.099,1.790073411540446e-18,40.86427504284736
"tf.Tensor(1.1211572, shape=(), dtype=float32)","tf.Tensor(59.71677, shape=(), dtype=float32)",0.1,2.9877660150567362e-18,40.35200571790244
"tf.Tensor(1.180874, shape=(), dtype=float32)","tf.Tensor(61.82948, shape=(), dtype=float32)",0.101,4.952281843979846e-18,39.84668322494842
"tf.Tensor(1.2427034, shape=(), dtype=float32)","tf.Tensor(63.973625, shape=(), dtype=float32)",0.10200000000000001,8.152385507401967e-18,39.348221089173705
"tf.Tensor(1.3066771, shape=(), dtype=float32)","tf.Tensor(66.148865, shape=(), dtype=float32)",0.10300000000000001,1.3329828649610374e-17,38.85652739427767
"tf.Tensor(1.372826, shape=(), dtype=float32)","tf.Tensor(68.35485, shape=(), dtype=float32)",0.10400000000000001,2.1650455600027852e-17,38.37150517578455
"tf.Tensor(1.4411808, shape=(), dtype=float32)","tf.Tensor(70.59123, shape=(), dtype=float32)",0.105,3.493463120798661e-17,37.89305303846376
"tf.Tensor(1.511772, shape=(), dtype=float32)","tf.Tensor(72.857666, shape=(), dtype=float32)",0.106,5.600639645772738e-17,37.421065767221144
"tf.Tensor(1.5846297, shape=(), dtype=float32)","tf.Tensor(75.1538, shape=(), dtype=float32)",0.107,8.921923876955009e-17,36.95543497628974
"tf.Tensor(1.6597835, shape=(), dtype=float32)","tf.Tensor(77.47928, shape=(), dtype=float32)",0.108,1.4124301057536596e-16,36.496049787742855
"tf.Tensor(1.7372627, shape=(), dtype=float32)","tf.Tensor(79.83375, shape=(), dtype=float32)",0.109,2.2223474081282857e-16,36.04279745961591
"tf.Tensor(1.8170965, shape=(), dtype=float32)","tf.Tensor(82.21686, shape=(), dtype=float32)",0.11,3.475705672635057e-16,35.595563958242266
"tf.Tensor(1.8993133, shape=(), dtype=float32)","tf.Tensor(84.62825, shape=(), dtype=float32)",0.111,5.403932868189672e-16,35.15423449049873
"tf.Tensor(1.9839416, shape=(), dtype=float32)","tf.Tensor(87.067566, shape=(), dtype=float32)",0.112,8.35339031966373e-16,34.71869400514131
"tf.Tensor(2.0710092, shape=(), dtype=float32)","tf.Tensor(89.534454, shape=(), dtype=float32)",0.113,1.283959639118799e-15,34.288827623845066
"tf.Tensor(2.1605437, shape=(), dtype=float32)","tf.Tensor(92.02855, shape=(), dtype=float32)",0.114,1.962571042531104e-15,33.864521024875614
"tf.Tensor(2.2525723, shape=(), dtype=float32)","tf.Tensor(94.5495, shape=(), dtype=float32)",0.115,2.9835552355569638e-15,33.445660773424514
"tf.Tensor(2.3471217, shape=(), dtype=float32)","tf.Tensor(97.09694, shape=(), dtype=float32)",0.116,4.5115545352687236e-15,33.03213461447442
"tf.Tensor(2.4442186, shape=(), dtype=float32)","tf.Tensor(99.67051, shape=(), dtype=float32)",0.117,6.786563408424514e-15,32.62383170688091
"tf.Tensor(2.543889, shape=(), dtype=float32)","tf.Tensor(102.269844, shape=(), dtype=float32)",0.11800000000000001,1.0156699846063294e-14,32.2206428238261
"tf.Tensor(2.646159, shape=(), dtype=float32)","tf.Tensor(104.894585, shape=(), dtype=float32)",0.11900000000000001,1.5124498734342883e-14,31.822460533074022
"tf.Tensor(2.7510536, shape=(), dtype=float32)","tf.Tensor(107.544365, shape=(), dtype=float32)",0.12,2.2412012479849716e-14,31.42917930836996
"tf.Tensor(2.858598, shape=(), dtype=float32)","tf.Tensor(110.21883, shape=(), dtype=float32)",0.121,3.305195592542078e-14,31.040695649564686
"tf.Tensor(2.9688168, shape=(), dtype=float32)","tf.Tensor(112.9176, shape=(), dtype=float32)",0.122,4.851476761212837e-14,30.656908156465953
"tf.Tensor(3.0817344, shape=(), dtype=float32)","tf.Tensor(115.64033, shape=(), dtype=float32)",0.123,7.088499649170915e-14,30.277717598833803
"tf.Tensor(3.1973748, shape=(), dtype=float32)","tf.Tensor(118.386635, shape=(), dtype=float32)",0.124,1.0310516052230861e-13,29.903026951577765
"tf.Tensor(3.3157616, shape=(), dtype=float32)","tf.Tensor(121.15616, shape=(), dtype=float32)",0.125,1.493115370717953e-13,29.5327414189251
"tf.Tensor(3.4369178, shape=(), dtype=float32)","tf.Tensor(123.94853, shape=(), dtype=float32)",0.126,2.1529473530341304e-13,29.16676844367997
"tf.Tensor(3.5608664, shape=(), dtype=float32)","tf.Tensor(126.76338, shape=(), dtype=float32)",0.127,3.091290044846447e-13,28.805017714896174
"tf.Tensor(3.6876297, shape=(), dtype=float32)","tf.Tensor(129.60034, shape=(), dtype=float32)",0.128,4.420288889636981e-13,28.44740115532246
"tf.Tensor(3.81723, shape=(), dtype=float32)","tf.Tensor(132.45906, shape=(), dtype=float32)",0.129,6.295111042207455e-13,28.093832901834848
"tf.Tensor(3.9496891, shape=(), dtype=float32)","tf.Tensor(135.33914, shape=(), dtype=float32)",0.13,8.929647548898331e-13,27.74422928302155
"tf.Tensor(4.085028, shape=(), dtype=float32)","tf.Tensor(138.24023, shape=(), dtype=float32)",0.131,1.2617660207770401e-12,27.398508772503604
"tf.Tensor(4.2232685, shape=(), dtype=float32)","tf.Tensor(141.16197, shape=(), dtype=float32)",0.132,1.7761163259184478e-12,27.05659197467557
"tf.Tensor(4.3644304, shape=(), dtype=float32)","tf.Tensor(144.10397, shape=(), dtype=float32)",0.133,2.490838856906088e-12,26.718401571863005
"tf.Tensor(4.5085344, shape=(), dtype=float32)","tf.Tensor(147.06587, shape=(), dtype=float32)",0.134,3.4804403694648622e-12,26.383862287198376
"tf.Tensor(4.6556005, shape=(), dtype=float32)","tf.Tensor(150.0473, shape=(), dtype=float32)",0.135,4.845838424216169e-12,26.052900836183312
"tf.Tensor(4.805648, shape=(), dtype=float32)","tf.Tensor(153.0479, shape=(), dtype=float32)",0.136,6.7232740024000025e-12,25.725445877300114
"tf.Tensor(4.958696, shape=(), dtype=float32)","tf.Tensor(156.06728, shape=(), dtype=float32)",0.137,9.296083132440274e-12,25.401427973040533
"tf.Tensor(5.1147633, shape=(), dtype=float32)","tf.Tensor(159.10507, shape=(), dtype=float32)",0.138,1.2810198036711332e-11,25.080779540599096
"tf.Tensor(5.2738686, shape=(), dtype=float32)","tf.Tensor(162.16092, shape=(), dtype=float32)",0.139,1.759449936870805e-11,24.763434798602816
"tf.Tensor(5.4360294, shape=(), dtype=float32)","tf.Tensor(165.23445, shape=(), dtype=float32)",0.14,2.4087460625662902e-11,24.44932971682716
"tf.Tensor(5.601264, shape=(), dtype=float32)","tf.Tensor(168.32529, shape=(), dtype=float32)",0.14100000000000001,3.287193127635223e-11,24.13840197499357
"tf.Tensor(5.7695894, shape=(), dtype=float32)","tf.Tensor(171.43306, shape=(), dtype=float32)",0.14200000000000002,4.4720419027391153e-11,23.83059091710344
"tf.Tensor(5.9410224, shape=(), dtype=float32)","tf.Tensor(174.5574, shape=(), dtype=float32)",0.14300000000000002,6.065388071407926e-11,23.52583749719257
"tf.Tensor(6.1155796, shape=(), dtype=float32)","tf.Tensor(177.69795, shape=(), dtype=float32)",0.14400000000000002,8.201784767737739e-11,23.22408423774546
"tf.Tensor(6.2932777, shape=(), dtype=float32)","tf.Tensor(180.85432, shape=(), dtype=float32)",0.145,1.1058074051145847e-10,22.925275178428247
"tf.Tensor(6.474132, shape=(), dtype=float32)","tf.Tensor(184.02615, shape=(), dtype=float32)",0.146,1.4866051516211727e-10,22.629355831265972
"tf.Tensor(6.6581583, shape=(), dtype=float32)","tf.Tensor(187.21307, shape=(), dtype=float32)",0.147,1.9928739544423975e-10,22.33627313484306
"tf.Tensor(6.8453712, shape=(), dtype=float32)","tf.Tensor(190.41472, shape=(), dtype=float32)",0.148,2.664124577588224e-10,22.045975414996743
"tf.Tensor(7.035786, shape=(), dtype=float32)","tf.Tensor(193.6307, shape=(), dtype=float32)",0.149,3.5517434281647334e-10,21.758412340481197
"tf.Tensor(7.229417, shape=(), dtype=float32)","tf.Tensor(196.86069, shape=(), dtype=float32)",0.15,4.722394833259901e-10,21.47353487908872
"tf.Tensor(7.4262776, shape=(), dtype=float32)","tf.Tensor(200.10428, shape=(), dtype=float32)",0.151,6.262350948899284e-10,21.191295264387676
"tf.Tensor(7.626382, shape=(), dtype=float32)","tf.Tensor(203.36111, shape=(), dtype=float32)",0.152,8.282989707154308e-10,20.911646950972173
"tf.Tensor(7.829743, shape=(), dtype=float32)","tf.Tensor(206.63084, shape=(), dtype=float32)",0.153,1.0927760087667157e-09,20.634544581263413
"tf.Tensor(8.036374, shape=(), dtype=float32)","tf.Tensor(209.91309, shape=(), dtype=float32)",0.154,1.4380986885839774e-09,20.359943950945414
"tf.Tensor(8.246287, shape=(), dtype=float32)","tf.Tensor(213.20747, shape=(), dtype=float32)",0.155,1.887897673719249e-09,20.087801968933803
"tf.Tensor(8.459495, shape=(), dtype=float32)","tf.Tensor(216.51364, shape=(), dtype=float32)",0.156,2.4723996927950333e-09,19.818076622397186
"tf.Tensor(8.676008, shape=(), dtype=float32)","tf.Tensor(219.83122, shape=(), dtype=float32)",0.157,3.230183309872705e-09,19.550726949039625
"tf.Tensor(8.89584, shape=(), dtype=float32)","tf.Tensor(223.15987, shape=(), dtype=float32)",0.158,4.210379723239822e-09,19.285712997775594
"tf.Tensor(9.1189995, shape=(), dtype=float32)","tf.Tensor(226.49919, shape=(), dtype=float32)",0.159,5.475425744165495e-09,19.0229958027757
"tf.Tensor(9.345499, shape=(), dtype=float32)","tf.Tensor(229.84885, shape=(), dtype=float32)",0.16,7.104500693780759e-09,18.762537353196716
"tf.Tensor(9.575348, shape=(), dtype=float32)","tf.Tensor(233.20847, shape=(), dtype=float32)",0.161,9.197808759003927e-09,18.504300559629527
"tf.Tensor(9.808557, shape=(), dtype=float32)","tf.Tensor(236.57768, shape=(), dtype=float32)",0.162,1.1881904415363357e-08,18.248249231535763
"tf.Tensor(10.045135, shape=(), dtype=float32)","tf.Tensor(239.95615, shape=(), dtype=float32)",0.163,1.5316302583237982e-08,17.994348047504182
"tf.Tensor(10.28509, shape=(), dtype=float32)","tf.Tensor(243.34349, shape=(), dtype=float32)",0.164,1.9701668130902874e-08,17.74256252809176
"tf.Tensor(10.528434, shape=(), dtype=float32)","tf.Tensor(246.73935, shape=(), dtype=float32)",0.165,2.528994344176884e-08,17.492859012654193
"tf.Tensor(10.775173, shape=(), dtype=float32)","tf.Tensor(250.14337, shape=(), dtype=float32)",0.166,3.23968502089072e-08,17.245204634648356
"tf.Tensor(11.025316, shape=(), dtype=float32)","tf.Tensor(253.55519, shape=(), dtype=float32)",0.167,4.1417294778690995e-08,16.9995672950701
"tf.Tensor(11.278872, shape=(), dtype=float32)","tf.Tensor(256.97446, shape=(), dtype=float32)",0.168,5.284431788896691e-08,16.755915644337033
"tf.Tensor(11.535846, shape=(), dtype=float32)","tf.Tensor(260.40082, shape=(), dtype=float32)",0.169,6.729236485343907e-08,16.514219056160442
"tf.Tensor(11.796247, shape=(), dtype=float32)","tf.Tensor(263.83392, shape=(), dtype=float32)",0.17,8.552581257375043e-08,16.274447605119395
"tf.Tensor(12.060081, shape=(), dtype=float32)","tf.Tensor(267.2734, shape=(), dtype=float32)",0.171,1.0849388226806368e-07,16.03657205018171
"tf.Tensor(12.327354, shape=(), dtype=float32)","tf.Tensor(270.7189, shape=(), dtype=float32)",0.17200000000000001,1.3737329819564816e-07,15.800563812320117
"tf.Tensor(12.598073, shape=(), dtype=float32)","tf.Tensor(274.1701, shape=(), dtype=float32)",0.17300000000000001,1.7362032623877603e-07,15.566394954945372
"tf.Tensor(12.872243, shape=(), dtype=float32)","tf.Tensor(277.62662, shape=(), dtype=float32)",0.17400000000000002,2.1903415384316712e-07,15.334038165667645
"tf.Tensor(13.14987, shape=(), dtype=float32)","tf.Tensor(281.0881, shape=(), dtype=float32)",0.17500000000000002,2.7583396163901984e-07,15.103466740520508
"tf.Tensor(13.430958, shape=(), dtype=float32)","tf.Tensor(284.55423, shape=(), dtype=float32)",0.176,3.467525007534707e-07,14.87465456579919
"tf.Tensor(13.715512, shape=(), dtype=float32)","tf.Tensor(288.02463, shape=(), dtype=float32)",0.177,4.351495383646564e-07,14.64757609857631
"tf.Tensor(14.003537, shape=(), dtype=float32)","tf.Tensor(291.49896, shape=(), dtype=float32)",0.178,5.45149181915073e-07,14.422206351455381
"tf.Tensor(14.295036, shape=(), dtype=float32)","tf.Tensor(294.9769, shape=(), dtype=float32)",0.179,6.818058633305479e-07,14.198520877498789
"tf.Tensor(14.5900135, shape=(), dtype=float32)","tf.Tensor(298.45807, shape=(), dtype=float32)",0.18,8.513046710258979e-07,13.976495757138647
"tf.Tensor(14.888472, shape=(), dtype=float32)","tf.Tensor(301.94214, shape=(), dtype=float32)",0.181,1.0612027958092286e-06,13.756107580112957
"tf.Tensor(15.190413, shape=(), dtype=float32)","tf.Tensor(305.42877, shape=(), dtype=float32)",0.182,1.320720108874415e-06,13.537333433091149
"tf.Tensor(15.495842, shape=(), dtype=float32)","tf.Tensor(308.91763, shape=(), dtype=float32)",0.183,1.64108838682649e-06,13.320150885742823
"tf.Tensor(15.80476, shape=(), dtype=float32)","tf.Tensor(312.4084, shape=(), dtype=float32)",0.184,2.035970443636619e-06,13.104537976259257
"tf.Tensor(16.117168, shape=(), dtype=float32)","tf.Tensor(315.90067, shape=(), dtype=float32)",0.185,2.5219624726110927e-06,12.890473200543717
"tf.Tensor(16.43307, shape=(), dtype=float32)","tf.Tensor(319.39417, shape=(), dtype=float32)",0.186,3.1191953253255084e-06,12.677935497956529
"tf.Tensor(16.752464, shape=(), dtype=float32)","tf.Tensor(322.88855, shape=(), dtype=float32)",0.187,3.852053249721006e-06,12.466904240208834
"tf.Tensor(17.075354, shape=(), dtype=float32)","tf.Tensor(326.38348, shape=(), dtype=float32)",0.188,4.750031915040981e-06,12.2573592209843
"tf.Tensor(17.401737, shape=(), dtype=float32)","tf.Tensor(329.8786, shape=(), dtype=float32)",0.189,5.848761411006199e-06,12.049280643751654
"tf.Tensor(17.731615, shape=(), dtype=float32)","tf.Tensor(333.37363, shape=(), dtype=float32)",0.19,7.1912243917316e-06,11.842649109806835
"tf.Tensor(18.06499, shape=(), dtype=float32)","tf.Tensor(336.8682, shape=(), dtype=float32)",0.191,8.829204760519529e-06,11.637445608500466
"tf.Tensor(18.401857, shape=(), dtype=float32)","tf.Tensor(340.362, shape=(), dtype=float32)",0.192,1.0825008403907984e-05,11.433651507733483
"tf.Tensor(18.74222, shape=(), dtype=float32)","tf.Tensor(343.8547, shape=(), dtype=float32)",0.193,1.3253504569846832e-05,11.231248544667404
"tf.Tensor(19.086075, shape=(), dtype=float32)","tf.Tensor(347.34598, shape=(), dtype=float32)",0.194,1.6204544744902025e-05,11.030218815261103
"tf.Tensor(19.43342, shape=(), dtype=float32)","tf.Tensor(350.8355, shape=(), dtype=float32)",0.195,1.978582544103595e-05,10.83054476344948
"tf.Tensor(19.784256, shape=(), dtype=float32)","tf.Tensor(354.32297, shape=(), dtype=float32)",0.196,2.412627230801024e-05,10.632209173973967
"tf.Tensor(20.138578, shape=(), dtype=float32)","tf.Tensor(357.80804, shape=(), dtype=float32)",0.197,2.938003598701309e-05,10.435195162337976
"tf.Tensor(20.496386, shape=(), dtype=float32)","tf.Tensor(361.29044, shape=(), dtype=float32)",0.198,3.5731204719883705e-05,10.23948616917625
"tf.Tensor(20.857676, shape=(), dtype=float32)","tf.Tensor(364.7698, shape=(), dtype=float32)",0.199,4.339935621940794e-05,10.04506595062213
"tf.Tensor(21.222445, shape=(), dtype=float32)","tf.Tensor(368.24585, shape=(), dtype=float32)",0.2,5.264609087847647e-05,9.851918569463143
"tf.Tensor(21.59069, shape=(), dtype=float32)","tf.Tensor(371.71823, shape=(), dtype=float32)",0.201,6.378271120334846e-05,9.660028388609938
"tf.Tensor(21.962408, shape=(), dtype=float32)","tf.Tensor(375.18668, shape=(), dtype=float32)",0.202,7.717923903154926e-05,9.469380061562008
"tf.Tensor(22.337595, shape=(), dtype=float32)","tf.Tensor(378.65085, shape=(), dtype=float32)",0.203,9.32749917256219e-05,9.279958527566551
"tf.Tensor(22.716246, shape=(), dtype=float32)","tf.Tensor(382.11047, shape=(), dtype=float32)",0.20400000000000001,0.00011259097416196606,9.091749003891026
"tf.Tensor(23.098356, shape=(), dtype=float32)","tf.Tensor(385.56522, shape=(), dtype=float32)",0.20500000000000002,0.0001357443828408934,8.904736978710636
"tf.Tensor(23.483921, shape=(), dtype=float32)","tf.Tensor(389.01477, shape=(), dtype=float32)",0.20600000000000002,0.00016346556440483573,8.718908205070418
"tf.Tensor(23.872936, shape=(), dtype=float32)","tf.Tensor(392.45886, shape=(), dtype=float32)",0.20700000000000002,0.00019661782383602282,8.53424869395358
"tf.Tensor(24.265394, shape=(), dtype=float32)","tf.Tensor(395.8972, shape=(), dtype=float32)",0.20800000000000002,0.00023622053738058142,8.350744708867483
"tf.Tensor(24.661291, shape=(), dtype=float32)","tf.Tensor(399.32944, shape=(), dtype=float32)",0.209,0.00028347609503416983,8.168382759218797
"tf.Tensor(25.060621, shape=(), dtype=float32)","tf.Tensor(402.7553, shape=(), dtype=float32)",0.21,0.00033980127607748746,7.987149593355367
"tf.Tensor(25.463377, shape=(), dtype=float32)","tf.Tensor(406.17453, shape=(), dtype=float32)",0.211,0.000406863750256705,7.8070321945223515
"tf.Tensor(25.86955, shape=(), dtype=float32)","tf.Tensor(409.5868, shape=(), dtype=float32)",0.212,0.0004866245020411951,7.628017775324812
"tf.Tensor(26.279137, shape=(), dtype=float32)","tf.Tensor(412.99182, shape=(), dtype=float32)",0.213,0.000581387091634203,7.4500937722975245
"tf.Tensor(26.69213, shape=(), dtype=float32)","tf.Tensor(416.3893, shape=(), dtype=float32)",0.214,0.0006938548005850118,7.2732478404063095
"tf.Tensor(27.108519, shape=(), dtype=float32)","tf.Tensor(419.779, shape=(), dtype=float32)",0.215,0.0008271968614170983,7.097467848442285
"tf.Tensor(27.528297, shape=(), dtype=float32)","tf.Tensor(423.16058, shape=(), dtype=float32)",0.216,0.0009851251458824917,6.9227418732052115
"tf.Tensor(27.951458, shape=(), dtype=float32)","tf.Tensor(426.53378, shape=(), dtype=float32)",0.217,0.0011719828797376118,6.749058195666423
"tf.Tensor(28.377993, shape=(), dtype=float32)","tf.Tensor(429.89835, shape=(), dtype=float32)",0.218,0.0013928471805295022,6.576405295493631
"tf.Tensor(28.807892, shape=(), dtype=float32)","tf.Tensor(433.25397, shape=(), dtype=float32)",0.219,0.001653647462050652,6.404771847752539
"tf.Tensor(29.241146, shape=(), dtype=float32)","tf.Tensor(436.60037, shape=(), dtype=float32)",0.22,0.0019613020454143535,6.234146717410312
"tf.Tensor(29.677746, shape=(), dtype=float32)","tf.Tensor(439.9373, shape=(), dtype=float32)",0.221,0.0023238756333120647,6.064518955489778
"tf.Tensor(30.117683, shape=(), dtype=float32)","tf.Tensor(443.26447, shape=(), dtype=float32)",0.222,0.002750760678806886,5.89587779507805
"tf.Tensor(30.560947, shape=(), dtype=float32)","tf.Tensor(446.5816, shape=(), dtype=float32)",0.223,0.0032528860949607255,5.728212647486476
"tf.Tensor(31.007528, shape=(), dtype=float32)","tf.Tensor(449.88846, shape=(), dtype=float32)",0.224,0.0038429572232997616,5.56151309853092
"tf.Tensor(31.457417, shape=(), dtype=float32)","tf.Tensor(453.18478, shape=(), dtype=float32)",0.225,0.004535731514070714,5.395768904328168
"tf.Tensor(31.9106, shape=(), dtype=float32)","tf.Tensor(456.47028, shape=(), dtype=float32)",0.226,0.005348334969530154,5.230969987161988
"tf.Tensor(32.36707, shape=(), dtype=float32)","tf.Tensor(459.7447, shape=(), dtype=float32)",0.227,0.006300625075225747,5.067106432216658
"tf.Tensor(32.826813, shape=(), dtype=float32)","tf.Tensor(463.00778, shape=(), dtype=float32)",0.228,0.007415606709966314,4.904168484761552
"tf.Tensor(33.28982, shape=(), dtype=float32)","tf.Tensor(466.25928, shape=(), dtype=float32)",0.229,0.008719908398649842,4.742146545858414
"tf.Tensor(33.75608, shape=(), dtype=float32)","tf.Tensor(469.49893, shape=(), dtype=float32)",0.23,0.01024432720840743,4.581031169686074
"tf.Tensor(34.22558, shape=(), dtype=float32)","tf.Tensor(472.7265, shape=(), dtype=float32)",0.231,0.012024451714070574,4.420813059533305
"tf.Tensor(34.698303, shape=(), dtype=float32)","tf.Tensor(475.94174, shape=(), dtype=float32)",0.232,0.014101373637456758,4.261483065246917
"tf.Tensor(35.174244, shape=(), dtype=float32)","tf.Tensor(479.1444, shape=(), dtype=float32)",0.233,0.016522500172389633,4.103032180186037
"tf.Tensor(35.65339, shape=(), dtype=float32)","tf.Tensor(482.33423, shape=(), dtype=float32)",0.234,0.019342480531740525,3.9454515380428887
"tf.Tensor(36.135723, shape=(), dtype=float32)","tf.Tensor(485.511, shape=(), dtype=float32)",0.23500000000000001,0.022624261979170543,3.788732409633351
"tf.Tensor(36.621235, shape=(), dtype=float32)","tf.Tensor(488.67444, shape=(), dtype=float32)",0.23600000000000002,0.02644029251097354,3.6328662008611516
"tf.Tensor(37.10991, shape=(), dtype=float32)","tf.Tensor(491.82434, shape=(), dtype=float32)",0.23700000000000002,0.030873889596506766,3.4778444491663443
"tf.Tensor(37.601734, shape=(), dtype=float32)","tf.Tensor(494.96045, shape=(), dtype=float32)",0.23800000000000002,0.036020796711380636,3.323658820895357
"tf.Tensor(38.096695, shape=(), dtype=float32)","tf.Tensor(498.08255, shape=(), dtype=float32)",0.23900000000000002,0.04199095217968004,3.170301108199247
"tf.Tensor(38.594776, shape=(), dtype=float32)","tf.Tensor(501.1904, shape=(), dtype=float32)",0.24,0.048910497775983074,3.017763227095969
"tf.Tensor(39.095966, shape=(), dtype=float32)","tf.Tensor(504.28378, shape=(), dtype=float32)",0.241,0.05692405801196769,2.866037215048607
"tf.Tensor(39.60025, shape=(), dtype=float32)","tf.Tensor(507.3625, shape=(), dtype=float32)",0.242,0.0661973247569643,2.7151152283819613
"tf.Tensor(40.107613, shape=(), dtype=float32)","tf.Tensor(510.42627, shape=(), dtype=float32)",0.243,0.07691998596247533,2.564989540756695
"tf.Tensor(40.61804, shape=(), dtype=float32)","tf.Tensor(513.4749, shape=(), dtype=float32)",0.244,0.08930904213525039,2.4156525405118074
"tf.Tensor(41.13151, shape=(), dtype=float32)","tf.Tensor(516.5082, shape=(), dtype=float32)",0.245,0.10361255931009107,2.267096727642496
"tf.Tensor(41.64802, shape=(), dtype=float32)","tf.Tensor(519.5259, shape=(), dtype=float32)",0.246,0.12011391298247164,2.1193147116226
"tf.Tensor(42.16755, shape=(), dtype=float32)","tf.Tensor(522.52783, shape=(), dtype=float32)",0.247,0.13913658398364684,1.9722992097176828
"tf.Tensor(42.69008, shape=(), dtype=float32)","tf.Tensor(525.5138, shape=(), dtype=float32)",0.248,0.16104957453968577,1.8260430449986345
"tf.Tensor(43.21559, shape=(), dtype=float32)","tf.Tensor(528.4835, shape=(), dtype=float32)",0.249,0.18627352070438497,1.6805391440347037
"tf.Tensor(43.744076, shape=(), dtype=float32)","tf.Tensor(531.4368, shape=(), dtype=float32)",0.25,0.2152875861280916,1.5357805347595423
"tf.Tensor(44.275513, shape=(), dtype=float32)","tf.Tensor(534.37354, shape=(), dtype=float32)",0.251,0.24863723198939208,1.3917603444686186
"tf.Tensor(44.809887, shape=(), dtype=float32)","tf.Tensor(537.29346, shape=(), dtype=float32)",0.252,0.28694296864577856,1.2484717984889961
"tf.Tensor(45.34718, shape=(), dtype=float32)","tf.Tensor(540.19635, shape=(), dtype=float32)",0.253,0.33091020702610274,1.1059082182743296
"tf.Tensor(45.887375, shape=(), dtype=float32)","tf.Tensor(543.08203, shape=(), dtype=float32)",0.254,0.3813403411231787,0.964063018808087
"tf.Tensor(46.430458, shape=(), dtype=float32)","tf.Tensor(545.9503, shape=(), dtype=float32)",0.255,0.4391432067178073,0.8229297078999771
"tf.Tensor(46.97641, shape=(), dtype=float32)","tf.Tensor(548.801, shape=(), dtype=float32)",0.256,0.505351079653116,0.6825018840174907
"tf.Tensor(47.52521, shape=(), dtype=float32)","tf.Tensor(551.634, shape=(), dtype=float32)",0.257,0.5811343938106226,0.5427732342311025
"tf.Tensor(48.076847, shape=(), dtype=float32)","tf.Tensor(554.449, shape=(), dtype=float32)",0.258,0.6678193786241117,0.4037375332890747
"tf.Tensor(48.631294, shape=(), dtype=float32)","tf.Tensor(557.24585, shape=(), dtype=float32)",0.259,0.7669078399502341,0.2653886413528532
"tf.Tensor(49.18854, shape=(), dtype=float32)","tf.Tensor(560.02435, shape=(), dtype=float32)",0.26,0.8800993297636456,0.12772050314834263
"tf.Tensor(49.748566, shape=(), dtype=float32)","tf.Tensor(562.78436, shape=(), dtype=float32)",0.261,1.0093159802874052,-0.009272854177467491
"tf.Tensor(50.31135, shape=(), dtype=float32)","tf.Tensor(565.5257, shape=(), dtype=float32)",0.262,1.1567303049796949,-0.14559732249161778
"tf.Tensor(50.876877, shape=(), dtype=float32)","tf.Tensor(568.2482, shape=(), dtype=float32)",0.263,1.3247963034115617,-0.2812587143457214
"tf.Tensor(51.445126, shape=(), dtype=float32)","tf.Tensor(570.9517, shape=(), dtype=float32)",0.264,1.5162842415235465,-0.41626276405397183
"tf.Tensor(52.01608, shape=(), dtype=float32)","tf.Tensor(573.63605, shape=(), dtype=float32)",0.265,1.734319520396114,-0.5506151292009491
"tf.Tensor(52.589714, shape=(), dtype=float32)","tf.Tensor(576.301, shape=(), dtype=float32)",0.266,1.9824260886338962,-0.6843213919322046
"tf.Tensor(53.166016, shape=(), dtype=float32)","tf.Tensor(578.9465, shape=(), dtype=float32)",0.267,2.2645749026238557,-0.8173870603599518
"tf.Tensor(53.74496, shape=(), dtype=float32)","tf.Tensor(581.57227, shape=(), dtype=float32)",0.268,2.5852379904513945,-0.9498175696612279
"tf.Tensor(54.326534, shape=(), dtype=float32)","tf.Tensor(584.1782, shape=(), dtype=float32)",0.269,2.949448734885591,-1.0816182833591341
"tf.Tensor(54.910713, shape=(), dtype=float32)","tf.Tensor(586.76416, shape=(), dtype=float32)",0.27,3.3628690538990704,-1.2127944947116447
"tf.Tensor(55.49748, shape=(), dtype=float32)","tf.Tensor(589.32996, shape=(), dtype=float32)",0.271,3.831864228159651,-1.3433514284161099
"tf.Tensor(56.086807, shape=(), dtype=float32)","tf.Tensor(591.8755, shape=(), dtype=float32)",0.272,4.363586196974594,-1.4732942415167791
"tf.Tensor(56.678684, shape=(), dtype=float32)","tf.Tensor(594.4006, shape=(), dtype=float32)",0.273,4.966066234151068,-1.6026280245224171
"tf.Tensor(57.273087, shape=(), dtype=float32)","tf.Tensor(596.9051, shape=(), dtype=float32)",0.274,5.6483180057757965,-1.7313578027446965
"tf.Tensor(57.86999, shape=(), dtype=float32)","tf.Tensor(599.3889, shape=(), dtype=float32)",0.275,6.420452110269946,-1.8594885373827736
"tf.Tensor(58.46938, shape=(), dtype=float32)","tf.Tensor(601.85187, shape=(), dtype=float32)",0.276,7.293803312595237,-1.9870251263792618
"tf.Tensor(59.07123, shape=(), dtype=float32)","tf.Tensor(604.2938, shape=(), dtype=float32)",0.277,8.281071810431387,-2.11397240572407
"tf.Tensor(59.675526, shape=(), dtype=float32)","tf.Tensor(606.71466, shape=(), dtype=float32)",0.278,9.396479991339234,-2.240335150138467
"tf.Tensor(60.28224, shape=(), dtype=float32)","tf.Tensor(609.11426, shape=(), dtype=float32)",0.279,10.655946300281387,-2.3661180743973276
"tf.Tensor(60.891357, shape=(), dtype=float32)","tf.Tensor(611.49243, shape=(), dtype=float32)",0.28,12.07727797630266,-2.491325834027826
"tf.Tensor(61.50285, shape=(), dtype=float32)","tf.Tensor(613.8491, shape=(), dtype=float32)",0.281,13.680384615903765,-2.6159630269968233
"tf.Tensor(62.1167, shape=(), dtype=float32)","tf.Tensor(616.18414, shape=(), dtype=float32)",0.28200000000000003,15.487514667840982,-2.7400341940309048
"tf.Tensor(62.732883, shape=(), dtype=float32)","tf.Tensor(618.49744, shape=(), dtype=float32)",0.28300000000000003,17.523517219070154,-2.8635438198728913
"tf.Tensor(63.35138, shape=(), dtype=float32)","tf.Tensor(620.7889, shape=(), dtype=float32)",0.28400000000000003,19.816131611046195,-2.9864963338205435
"tf.Tensor(63.972168, shape=(), dtype=float32)","tf.Tensor(623.0583, shape=(), dtype=float32)",0.28500000000000003,22.39630771083356,-3.1088961109365343
"tf.Tensor(64.59523, shape=(), dtype=float32)","tf.Tensor(625.3056, shape=(), dtype=float32)",0.28600000000000003,25.298559894106432,-3.2307474729318386
"tf.Tensor(65.220535, shape=(), dtype=float32)","tf.Tensor(627.5307, shape=(), dtype=float32)",0.28700000000000003,28.561358105174957,-3.352054689042994
"tf.Tensor(65.84807, shape=(), dtype=float32)","tf.Tensor(629.73346, shape=(), dtype=float32)",0.28800000000000003,32.22755967004828,-3.472821976859226
"tf.Tensor(66.4778, shape=(), dtype=float32)","tf.Tensor(631.9138, shape=(), dtype=float32)",0.289,36.344885894058066,-3.593053503409262
"tf.Tensor(67.10971, shape=(), dtype=float32)","tf.Tensor(634.07166, shape=(), dtype=float32)",0.29,40.96644781623729,-3.712753385731041
"tf.Tensor(67.74378, shape=(), dtype=float32)","tf.Tensor(636.20685, shape=(), dtype=float32)",0.291,46.151325926634414,-3.8319256913407855
"tf.Tensor(68.37999, shape=(), dtype=float32)","tf.Tensor(638.31934, shape=(), dtype=float32)",0.292,51.96520911973072,-3.9505744392741953
"tf.Tensor(69.01831, shape=(), dtype=float32)","tf.Tensor(640.409, shape=(), dtype=float32)",0.293,58.481098593058476,-4.068703601056086
"tf.Tensor(69.65872, shape=(), dtype=float32)","tf.Tensor(642.47577, shape=(), dtype=float32)",0.294,65.78008290895595,-4.186317101157744
"tf.Tensor(70.3012, shape=(), dtype=float32)","tf.Tensor(644.51953, shape=(), dtype=float32)",0.295,73.95219109558623,-4.303418818137558
"tf.Tensor(70.94572, shape=(), dtype=float32)","tf.Tensor(646.54016, shape=(), dtype=float32)",0.296,83.09733112865912,-4.4200125849637
"tf.Tensor(71.592255, shape=(), dtype=float32)","tf.Tensor(648.53766, shape=(), dtype=float32)",0.297,93.3263219780519,-4.536102190015637
"tf.Tensor(72.24079, shape=(), dtype=float32)","tf.Tensor(650.5119, shape=(), dtype=float32)",0.298,104.76202795018445,-4.651691377510417
"tf.Tensor(72.891304, shape=(), dtype=float32)","tf.Tensor(652.46277, shape=(), dtype=float32)",0.299,117.54060499160201,-4.7667838482837475
"tf.Tensor(73.54377, shape=(), dtype=float32)","tf.Tensor(654.39026, shape=(), dtype=float32)",0.3,131.81286936955541,-4.881383260469722
"tf.Tensor(74.19816, shape=(), dtype=float32)","tf.Tensor(656.29425, shape=(), dtype=float32)",0.301,147.74580011822786,-4.995493230286442
"tf.Tensor(74.854454, shape=(), dtype=float32)","tf.Tensor(658.1747, shape=(), dtype=float32)",0.302,165.52418754380562,-5.109117332439435
"tf.Tensor(75.51263, shape=(), dtype=float32)","tf.Tensor(660.0315, shape=(), dtype=float32)",0.303,185.352441324537,-5.222259100939926
"tf.Tensor(76.17266, shape=(), dtype=float32)","tf.Tensor(661.8646, shape=(), dtype=float32)",0.304,207.4565727414257,-5.334922029773836
"tf.Tensor(76.834526, shape=(), dtype=float32)","tf.Tensor(663.67395, shape=(), dtype=float32)",0.305,232.08636689106282,-5.44710957347279
"tf.Tensor(77.4982, shape=(), dtype=float32)","tf.Tensor(665.4595, shape=(), dtype=float32)",0.306,259.51776213939604,-5.558825147814176
"tf.Tensor(78.16366, shape=(), dtype=float32)","tf.Tensor(667.2211, shape=(), dtype=float32)",0.307,290.05545540820077,-5.670072130244765
"tf.Tensor(78.83088, shape=(), dtype=float32)","tf.Tensor(668.95886, shape=(), dtype=float32)",0.308,324.035753632699,-5.780853860422344
"tf.Tensor(79.49984, shape=(), dtype=float32)","tf.Tensor(670.6726, shape=(), dtype=float32)",0.309,361.8296934191677,-5.8911736409566196
"tf.Tensor(80.17051, shape=(), dtype=float32)","tf.Tensor(672.3623, shape=(), dtype=float32)",0.31,403.84645256818766,-6.001034737816514
"tf.Tensor(80.84287, shape=(), dtype=float32)","tf.Tensor(674.0279, shape=(), dtype=float32)",0.311,450.53707926493996,-6.1104403805757705
"tf.Tensor(81.5169, shape=(), dtype=float32)","tf.Tensor(675.6694, shape=(), dtype=float32)",0.312,502.39856732663674,-6.2193937634911585
"tf.Tensor(82.192566, shape=(), dtype=float32)","tf.Tensor(677.2867, shape=(), dtype=float32)",0.313,559.9783071216186,-6.327898045696063
"tf.Tensor(82.86985, shape=(), dtype=float32)","tf.Tensor(678.87976, shape=(), dtype=float32)",0.314,623.8789454505543,-6.435956351874051
"tf.Tensor(83.54873, shape=(), dtype=float32)","tf.Tensor(680.44855, shape=(), dtype=float32)",0.315,694.7636894828457,-6.543571772613944
"tf.Tensor(84.22918, shape=(), dtype=float32)","tf.Tensor(681.99304, shape=(), dtype=float32)",0.316,773.3620934449964,-6.650747365100287
"tf.Tensor(84.91117, shape=(), dtype=float32)","tf.Tensor(683.5132, shape=(), dtype=float32)",0.317,860.4763691296057,-6.757486153484397
"tf.Tensor(85.59468, shape=(), dtype=float32)","tf.Tensor(685.009, shape=(), dtype=float32)",0.318,956.9882653930151,-6.863791129510499
"tf.Tensor(86.27969, shape=(), dtype=float32)","tf.Tensor(686.4804, shape=(), dtype=float32)",0.319,1063.8665646127429,-6.969665252838649
"tf.Tensor(86.96617, shape=(), dtype=float32)","tf.Tensor(687.9274, shape=(), dtype=float32)",0.32,1182.1752486390114,-7.0751114514759585
"tf.Tensor(87.6541, shape=(), dtype=float32)","tf.Tensor(689.35, shape=(), dtype=float32)",0.321,1313.0823906360413,-7.18013262224731
"tf.Tensor(88.343445, shape=(), dtype=float32)","tf.Tensor(690.74805, shape=(), dtype=float32)",0.322,1457.869833581026,-7.284731631203872
"tf.Tensor(89.034195, shape=(), dtype=float32)","tf.Tensor(692.12164, shape=(), dtype=float32)",0.323,1617.9437216798435,-7.388911314368169
"tf.Tensor(89.72632, shape=(), dtype=float32)","tf.Tensor(693.47076, shape=(), dtype=float32)",0.324,1794.8459541700265,-7.4926744778357985
"tf.Tensor(90.41979, shape=(), dtype=float32)","tf.Tensor(694.79535, shape=(), dtype=float32)",0.325,1990.2666391320138,-7.59602389825632
"tf.Tensor(91.114586, shape=(), dtype=float32)","tf.Tensor(696.0954, shape=(), dtype=float32)",0.326,2206.0576286153614,-7.698962323051273
"tf.Tensor(91.810684, shape=(), dtype=float32)","tf.Tensor(697.3709, shape=(), dtype=float32)",0.327,2444.2472252155826,-7.801492471155754
"tf.Tensor(92.50806, shape=(), dtype=float32)","tf.Tensor(698.6219, shape=(), dtype=float32)",0.328,2707.0561538713746,-7.903617033348677
"tf.Tensor(93.20668, shape=(), dtype=float32)","tf.Tensor(699.84827, shape=(), dtype=float32)",0.329,2996.9149020054847,-8.00533867252097
"tf.Tensor(93.90653, shape=(), dtype=float32)","tf.Tensor(701.0501, shape=(), dtype=float32)",0.33,3316.4825393663696,-8.106660024174538
"tf.Tensor(94.60758, shape=(), dtype=float32)","tf.Tensor(702.2274, shape=(), dtype=float32)",0.331,3668.6671357773284,-8.20758369682111
"tf.Tensor(95.30981, shape=(), dtype=float32)","tf.Tensor(703.3801, shape=(), dtype=float32)",0.332,4056.647904289314,-8.30811227223029
"tf.Tensor(96.01318, shape=(), dtype=float32)","tf.Tensor(704.5083, shape=(), dtype=float32)",0.333,4483.899209194478,-8.408248306061292
"tf.Tensor(96.71769, shape=(), dtype=float32)","tf.Tensor(705.61194, shape=(), dtype=float32)",0.334,4954.216583363906,-8.5079943279802
"tf.Tensor(97.4233, shape=(), dtype=float32)","tf.Tensor(706.69104, shape=(), dtype=float32)",0.335,5471.7449162701405,-8.607352842037116
"tf.Tensor(98.12999, shape=(), dtype=float32)","tf.Tensor(707.7456, shape=(), dtype=float32)",0.336,6041.008981883016,-8.706326326958198
"tf.Tensor(98.83774, shape=(), dtype=float32)","tf.Tensor(708.7757, shape=(), dtype=float32)",0.337,6666.946490630332,-8.804917236581701
"tf.Tensor(99.54652, shape=(), dtype=float32)","tf.Tensor(709.78125, shape=(), dtype=float32)",0.338,7354.9438598280185,-8.903128000080237
"tf.Tensor(100.256294, shape=(), dtype=float32)","tf.Tensor(710.7623, shape=(), dtype=float32)",0.339,8110.874915651212,-9.000961022382107
"tf.Tensor(100.96706, shape=(), dtype=float32)","tf.Tensor(711.71893, shape=(), dtype=float32)",0.34,8941.142752102896,-9.0984186846187
"tf.Tensor(101.67877, shape=(), dtype=float32)","tf.Tensor(712.6511, shape=(), dtype=float32)",0.341,9852.724986635234,-9.195503344295389
"tf.Tensor(102.391426, shape=(), dtype=float32)","tf.Tensor(713.5589, shape=(), dtype=float32)",0.342,10853.222673652208,-9.292217335479823
"tf.Tensor(103.10499, shape=(), dtype=float32)","tf.Tensor(714.44226, shape=(), dtype=float32)",0.343,11950.913158367048,-9.388562969366298
"tf.Tensor(103.81943, shape=(), dtype=float32)","tf.Tensor(715.3013, shape=(), dtype=float32)",0.34400000000000003,13154.807161443669,-9.484542534411698
"tf.Tensor(104.53473, shape=(), dtype=float32)","tf.Tensor(716.136, shape=(), dtype=float32)",0.34500000000000003,14474.710419204363,-9.580158296659345
"tf.Tensor(105.25086, shape=(), dtype=float32)","tf.Tensor(716.9464, shape=(), dtype=float32)",0.34600000000000003,15921.29021854003,-9.675412499992639
"tf.Tensor(105.96781, shape=(), dtype=float32)","tf.Tensor(717.73254, shape=(), dtype=float32)",0.34700000000000003,17506.14719427208,-9.770307366475478
"tf.Tensor(106.68555, shape=(), dtype=float32)","tf.Tensor(718.49445, shape=(), dtype=float32)",0.34800000000000003,19241.892778197016,-9.86484509662614
"tf.Tensor(107.404045, shape=(), dtype=float32)","tf.Tensor(719.2322, shape=(), dtype=float32)",0.34900000000000003,21142.23271873277,-9.959027869681364
"tf.Tensor(108.123276, shape=(), dtype=float32)","tf.Tensor(719.94574, shape=(), dtype=float32)",0.35000000000000003,23222.057121915983,-10.05285784400289
det_fi_10,log_det_10
1.8807998825402897e-26,59.23551526205346
4.190372481795019e-14,30.80340167413066
1.0144090016844897e-11,25.314129844372726
1.2817275439715343e-10,22.77764211823162
4.859276805882075e-10,21.44496130847473
